ACC_YEAR,ACC_PERIOD,ACC_WEEK,ACC_START_WEEK_DATE,ACC_END_WEEK_DATE,ACC_WEEK_RELATIVE,ACC_QUARTER,GREGORIAN_YEAR,GREGORIAN_WEEK,PWF
15,01,1,30/06/2014,06/07/2014,01,1,2014,27,PD01WK01F15
15,01,2,07/07/2014,13/07/2014,02,1,2014,28,PD01WK02F15
15,01,3,14/07/2014,20/07/2014,03,1,2014,29,PD01WK03F15
15,01,4,21/07/2014,27/07/2014,04,1,2014,30,PD01WK04F15
15,01,5,28/07/2014,03/08/2014,05,1,2014,31,PD01WK05F15
15,02,6,04/08/2014,10/08/2014,01,1,2014,32,PD02WK01F15
15,02,7,11/08/2014,17/08/2014,02,1,2014,33,PD02WK02F15
15,02,8,18/08/2014,24/08/2014,03,1,2014,34,PD02WK03F15
15,02,9,25/08/2014,31/08/2014,04,1,2014,35,PD02WK04F15
15,03,10,01/09/2014,07/09/2014,01,1,2014,36,PD03WK01F15
15,03,11,08/09/2014,14/09/2014,02,1,2014,37,PD03WK02F15
15,03,12,15/09/2014,21/09/2014,03,1,2014,38,PD03WK03F15
15,03,13,22/09/2014,28/09/2014,04,1,2014,39,PD03WK04F15
15,04,14,29/09/2014,05/10/2014,01,2,2014,40,PD04WK01F15
15,04,15,06/10/2014,12/10/2014,02,2,2014,41,PD04WK02F15
15,04,16,13/10/2014,19/10/2014,03,2,2014,42,PD04WK03F15
15,04,17,20/10/2014,26/10/2014,04,2,2014,43,PD04WK04F15
15,04,18,27/10/2014,02/11/2014,05,2,2014,44,PD04WK05F15
15,05,19,03/11/2014,09/11/2014,01,2,2014,45,PD05WK01F15
15,05,20,10/11/2014,16/11/2014,02,2,2014,46,PD05WK02F15
15,05,21,17/11/2014,23/11/2014,03,2,2014,47,PD05WK03F15
15,05,22,24/11/2014,30/11/2014,04,2,2014,48,PD05WK04F15
15,06,23,01/12/2014,07/12/2014,01,2,2014,49,PD06WK01F15
15,06,24,08/12/2014,14/12/2014,02,2,2014,50,PD06WK02F15
15,06,25,15/12/2014,21/12/2014,03,2,2014,51,PD06WK03F15
15,06,26,22/12/2014,28/12/2014,04,2,2014,52,PD06WK04F15
15,06,27,29/12/2014,04/01/2015,05,2,2015,1,PD06WK05F15
15,07,28,05/01/2015,11/01/2015,01,3,2015,2,PD07WK01F15
15,07,29,12/01/2015,18/01/2015,02,3,2015,3,PD07WK02F15
15,07,30,19/01/2015,25/01/2015,03,3,2015,4,PD07WK03F15
15,07,31,26/01/2015,01/02/2015,04,3,2015,5,PD07WK04F15
15,08,32,02/02/2015,08/02/2015,01,3,2015,6,PD08WK01F15
15,08,33,09/02/2015,15/02/2015,02,3,2015,7,PD08WK02F15
15,08,34,16/02/2015,22/02/2015,03,3,2015,8,PD08WK03F15
15,08,35,23/02/2015,01/03/2015,04,3,2015,9,PD08WK04F15
15,09,36,02/03/2015,08/03/2015,01,3,2015,10,PD09WK01F15
15,09,37,09/03/2015,15/03/2015,02,3,2015,11,PD09WK02F15
15,09,38,16/03/2015,22/03/2015,03,3,2015,12,PD09WK03F15
15,09,39,23/03/2015,29/03/2015,04,3,2015,13,PD09WK04F15
15,10,40,30/03/2015,05/04/2015,01,4,2015,14,PD10WK01F15
15,10,41,06/04/2015,12/04/2015,02,4,2015,15,PD10WK02F15
15,10,42,13/04/2015,19/04/2015,03,4,2015,16,PD10WK03F15
15,10,43,20/04/2015,26/04/2015,04,4,2015,17,PD10WK04F15
15,10,44,27/04/2015,03/05/2015,05,4,2015,18,PD10WK05F15
15,11,45,04/05/2015,10/05/2015,01,4,2015,19,PD11WK01F15
15,11,46,11/05/2015,17/05/2015,02,4,2015,20,PD11WK02F15
15,11,47,18/05/2015,24/05/2015,03,4,2015,21,PD11WK03F15
15,11,48,25/05/2015,31/05/2015,04,4,2015,22,PD11WK04F15
15,12,49,01/06/2015,07/06/2015,01,4,2015,23,PD12WK01F15
15,12,50,08/06/2015,14/06/2015,02,4,2015,24,PD12WK02F15
15,12,51,15/06/2015,21/06/2015,03,4,2015,25,PD12WK03F15
15,12,52,22/06/2015,28/06/2015,04,4,2015,26,PD12WK04F15
16,01,1,29/06/2015,05/07/2015,01,1,2015,27,PD01WK01F16
16,01,2,06/07/2015,12/07/2015,02,1,2015,28,PD01WK02F16
16,01,3,13/07/2015,19/07/2015,03,1,2015,29,PD01WK03F16
16,01,4,20/07/2015,26/07/2015,04,1,2015,30,PD01WK04F16
16,01,5,27/07/2015,02/08/2015,05,1,2015,31,PD01WK05F16
16,02,6,03/08/2015,09/08/2015,01,1,2015,32,PD02WK01F16
16,02,7,10/08/2015,16/08/2015,02,1,2015,33,PD02WK02F16
16,02,8,17/08/2015,23/08/2015,03,1,2015,34,PD02WK03F16
16,02,9,24/08/2015,30/08/2015,04,1,2015,35,PD02WK04F16
16,03,10,31/08/2015,06/09/2015,01,1,2015,36,PD03WK01F16
16,03,11,07/09/2015,13/09/2015,02,1,2015,37,PD03WK02F16
16,03,12,14/09/2015,20/09/2015,03,1,2015,38,PD03WK03F16
16,03,13,21/09/2015,27/09/2015,04,1,2015,39,PD03WK04F16
16,04,14,28/09/2015,04/10/2015,01,2,2015,40,PD04WK01F16
16,04,15,05/10/2015,11/10/2015,02,2,2015,41,PD04WK02F16
16,04,16,12/10/2015,18/10/2015,03,2,2015,42,PD04WK03F16
16,04,17,19/10/2015,25/10/2015,04,2,2015,43,PD04WK04F16
16,04,18,26/10/2015,01/11/2015,05,2,2015,44,PD04WK05F16
16,05,19,02/11/2015,08/11/2015,01,2,2015,45,PD05WK01F16
16,05,20,09/11/2015,15/11/2015,02,2,2015,46,PD05WK02F16
16,05,21,16/11/2015,22/11/2015,03,2,2015,47,PD05WK03F16
16,05,22,23/11/2015,29/11/2015,04,2,2015,48,PD05WK04F16
16,06,23,30/11/2015,06/12/2015,01,2,2015,49,PD06WK01F16
16,06,24,07/12/2015,13/12/2015,02,2,2015,50,PD06WK02F16
16,06,25,14/12/2015,20/12/2015,03,2,2015,51,PD06WK03F16
16,06,26,21/12/2015,27/12/2015,04,2,2015,52,PD06WK04F16
16,06,27,28/12/2015,03/01/2016,05,2,2016,1,PD06WK05F16
16,07,28,04/01/2016,10/01/2016,01,3,2016,2,PD07WK01F16
16,07,29,11/01/2016,17/01/2016,02,3,2016,3,PD07WK02F16
16,07,30,18/01/2016,24/01/2016,03,3,2016,4,PD07WK03F16
16,07,31,25/01/2016,31/01/2016,04,3,2016,5,PD07WK04F16
16,08,32,01/02/2016,07/02/2016,01,3,2016,6,PD08WK01F16
16,08,33,08/02/2016,14/02/2016,02,3,2016,7,PD08WK02F16
16,08,34,15/02/2016,21/02/2016,03,3,2016,8,PD08WK03F16
16,08,35,22/02/2016,28/02/2016,04,3,2016,9,PD08WK04F16
16,09,36,29/02/2016,06/03/2016,01,3,2016,10,PD09WK01F16
16,09,37,07/03/2016,13/03/2016,02,3,2016,11,PD09WK02F16
16,09,38,14/03/2016,20/03/2016,03,3,2016,12,PD09WK03F16
16,09,39,21/03/2016,27/03/2016,04,3,2016,13,PD09WK04F16
16,10,40,28/03/2016,03/04/2016,01,4,2016,14,PD10WK01F16
16,10,41,04/04/2016,10/04/2016,02,4,2016,15,PD10WK02F16
16,10,42,11/04/2016,17/04/2016,03,4,2016,16,PD10WK03F16
16,10,43,18/04/2016,24/04/2016,04,4,2016,17,PD10WK04F16
16,10,44,25/04/2016,01/05/2016,05,4,2016,18,PD10WK05F16
16,11,45,02/05/2016,08/05/2016,01,4,2016,19,PD11WK01F16
16,11,46,09/05/2016,15/05/2016,02,4,2016,20,PD11WK02F16
16,11,47,16/05/2016,22/05/2016,03,4,2016,21,PD11WK03F16
16,11,48,23/05/2016,29/05/2016,04,4,2016,22,PD11WK04F16
16,12,49,30/05/2016,05/06/2016,01,4,2016,23,PD12WK01F16
16,12,50,06/06/2016,12/06/2016,02,4,2016,24,PD12WK02F16
16,12,51,13/06/2016,19/06/2016,03,4,2016,25,PD12WK03F16
16,12,52,20/06/2016,26/06/2016,04,4,2016,26,PD12WK04F16
17,01,1,27/06/2016,03/07/2016,01,1,2016,27,PD01WK01F17
17,01,2,04/07/2016,10/07/2016,02,1,2016,28,PD01WK02F17
17,01,3,11/07/2016,17/07/2016,03,1,2016,29,PD01WK03F17
17,01,4,18/07/2016,24/07/2016,04,1,2016,30,PD01WK04F17
17,01,5,25/07/2016,31/07/2016,05,1,2016,31,PD01WK05F17
17,02,6,01/08/2016,07/08/2016,01,1,2016,32,PD02WK01F17
17,02,7,08/08/2016,14/08/2016,02,1,2016,33,PD02WK02F17
17,02,8,15/08/2016,21/08/2016,03,1,2016,34,PD02WK03F17
17,02,9,22/08/2016,28/08/2016,04,1,2016,35,PD02WK04F17
17,03,10,29/08/2016,04/09/2016,01,1,2016,36,PD03WK01F17
17,03,11,05/09/2016,11/09/2016,02,1,2016,37,PD03WK02F17
17,03,12,12/09/2016,18/09/2016,03,1,2016,38,PD03WK03F17
17,03,13,19/09/2016,25/09/2016,04,1,2016,39,PD03WK04F17
17,04,14,26/09/2016,02/10/2016,01,2,2016,40,PD04WK01F17
17,04,15,03/10/2016,09/10/2016,02,2,2016,41,PD04WK02F17
17,04,16,10/10/2016,16/10/2016,03,2,2016,42,PD04WK03F17
17,04,17,17/10/2016,23/10/2016,04,2,2016,43,PD04WK04F17
17,04,18,24/10/2016,30/10/2016,05,2,2016,44,PD04WK05F17
17,05,19,31/10/2016,06/11/2016,01,2,2016,45,PD05WK01F17
17,05,20,07/11/2016,13/11/2016,02,2,2016,46,PD05WK02F17
17,05,21,14/11/2016,20/11/2016,03,2,2016,47,PD05WK03F17
17,05,22,21/11/2016,27/11/2016,04,2,2016,48,PD05WK04F17
17,06,23,28/11/2016,04/12/2016,01,2,2016,49,PD06WK01F17
17,06,24,05/12/2016,11/12/2016,02,2,2016,50,PD06WK02F17
17,06,25,12/12/2016,18/12/2016,03,2,2016,51,PD06WK03F17
17,06,26,19/12/2016,25/12/2016,04,2,2016,52,PD06WK04F17
17,06,27,26/12/2016,01/01/2017,05,2,2017,1,PD06WK05F17
17,07,28,02/01/2017,08/01/2017,01,3,2017,1,PD07WK01F17
17,07,29,09/01/2017,15/01/2017,02,3,2017,2,PD07WK02F17
17,07,30,16/01/2017,22/01/2017,03,3,2017,3,PD07WK03F17
17,07,31,23/01/2017,29/01/2017,04,3,2017,4,PD07WK04F17
17,08,32,30/01/2017,05/02/2017,01,3,2017,5,PD08WK01F17
17,08,33,06/02/2017,12/02/2017,02,3,2017,6,PD08WK02F17
17,08,34,13/02/2017,19/02/2017,03,3,2017,7,PD08WK03F17
17,08,35,20/02/2017,26/02/2017,04,3,2017,8,PD08WK04F17
17,09,36,27/02/2017,05/03/2017,01,3,2017,9,PD09WK01F17
17,09,37,06/03/2017,12/03/2017,02,3,2017,10,PD09WK02F17
17,09,38,13/03/2017,19/03/2017,03,3,2017,11,PD09WK03F17
17,09,39,20/03/2017,26/03/2017,04,3,2017,12,PD09WK04F17
17,10,40,27/03/2017,02/04/2017,01,4,2017,13,PD10WK01F17
17,10,41,03/04/2017,09/04/2017,02,4,2017,14,PD10WK02F17
17,10,42,10/04/2017,16/04/2017,03,4,2017,15,PD10WK03F17
17,10,43,17/04/2017,23/04/2017,04,4,2017,16,PD10WK04F17
17,10,44,24/04/2017,30/04/2017,05,4,2017,17,PD10WK05F17
17,11,45,01/05/2017,07/05/2017,01,4,2017,18,PD11WK01F17
17,11,46,08/05/2017,14/05/2017,02,4,2017,19,PD11WK02F17
17,11,47,15/05/2017,21/05/2017,03,4,2017,20,PD11WK03F17
17,11,48,22/05/2017,28/05/2017,04,4,2017,21,PD11WK04F17
17,12,49,29/05/2017,04/06/2017,01,4,2017,22,PD12WK01F17
17,12,50,05/06/2017,11/06/2017,02,4,2017,23,PD12WK02F17
17,12,51,12/06/2017,18/06/2017,03,4,2017,24,PD12WK03F17
17,12,52,19/06/2017,25/06/2017,04,4,2017,25,PD12WK04F17
18,01,1,26/06/2017,02/07/2017,01,1,2017,26,PD01WK01F18
18,01,2,03/07/2017,09/07/2017,02,1,2017,27,PD01WK02F18
18,01,3,10/07/2017,16/07/2017,03,1,2017,28,PD01WK03F18
18,01,4,17/07/2017,23/07/2017,04,1,2017,29,PD01WK04F18
18,01,5,24/07/2017,30/07/2017,05,1,2017,30,PD01WK05F18
18,02,6,31/07/2017,06/08/2017,01,1,2017,31,PD02WK01F18
18,02,7,07/08/2017,13/08/2017,02,1,2017,32,PD02WK02F18
18,02,8,14/08/2017,20/08/2017,03,1,2017,33,PD02WK03F18
18,02,9,21/08/2017,27/08/2017,04,1,2017,34,PD02WK04F18
18,03,10,28/08/2017,03/09/2017,01,1,2017,35,PD03WK01F18
18,03,11,04/09/2017,10/09/2017,02,1,2017,36,PD03WK02F18
18,03,12,11/09/2017,17/09/2017,03,1,2017,37,PD03WK03F18
18,03,13,18/09/2017,24/09/2017,04,1,2017,38,PD03WK04F18
18,04,14,25/09/2017,01/10/2017,01,2,2017,39,PD04WK01F18
18,04,15,02/10/2017,08/10/2017,02,2,2017,40,PD04WK02F18
18,04,16,09/10/2017,15/10/2017,03,2,2017,41,PD04WK03F18
18,04,17,16/10/2017,22/10/2017,04,2,2017,42,PD04WK04F18
18,04,18,23/10/2017,29/10/2017,05,2,2017,43,PD04WK05F18
18,05,19,30/10/2017,05/11/2017,01,2,2017,44,PD05WK01F18
18,05,20,06/11/2017,12/11/2017,02,2,2017,45,PD05WK02F18
18,05,21,13/11/2017,19/11/2017,03,2,2017,46,PD05WK03F18
18,05,22,20/11/2017,26/11/2017,04,2,2017,47,PD05WK04F18
18,06,23,27/11/2017,03/12/2017,01,2,2017,48,PD06WK01F18
18,06,24,04/12/2017,10/12/2017,02,2,2017,49,PD06WK02F18
18,06,25,11/12/2017,17/12/2017,03,2,2017,50,PD06WK03F18
18,06,26,18/12/2017,24/12/2017,04,2,2017,51,PD06WK04F18
18,06,27,25/12/2017,31/12/2017,05,2,2017,52,PD06WK05F18
18,07,28,01/01/2018,07/01/2018,01,3,2018,1,PD07WK01F18
18,07,29,08/01/2018,14/01/2018,02,3,2018,2,PD07WK02F18
18,07,30,15/01/2018,21/01/2018,03,3,2018,3,PD07WK03F18
18,07,31,22/01/2018,28/01/2018,04,3,2018,4,PD07WK04F18
18,08,32,29/01/2018,04/02/2018,01,3,2018,5,PD08WK01F18
18,08,33,05/02/2018,11/02/2018,02,3,2018,6,PD08WK02F18
18,08,34,12/02/2018,18/02/2018,03,3,2018,7,PD08WK03F18
18,08,35,19/02/2018,25/02/2018,04,3,2018,8,PD08WK04F18
18,09,36,26/02/2018,04/03/2018,01,3,2018,9,PD09WK01F18
18,09,37,05/03/2018,11/03/2018,02,3,2018,10,PD09WK02F18
18,09,38,12/03/2018,18/03/2018,03,3,2018,11,PD09WK03F18
18,09,39,19/03/2018,25/03/2018,04,3,2018,12,PD09WK04F18
18,10,40,26/03/2018,01/04/2018,01,4,2018,13,PD10WK01F18
18,10,41,02/04/2018,08/04/2018,02,4,2018,14,PD10WK02F18
18,10,42,09/04/2018,15/04/2018,03,4,2018,15,PD10WK03F18
18,10,43,16/04/2018,22/04/2018,04,4,2018,16,PD10WK04F18
18,10,44,23/04/2018,29/04/2018,05,4,2018,17,PD10WK05F18
18,11,45,30/04/2018,06/05/2018,01,4,2018,18,PD11WK01F18
18,11,46,07/05/2018,13/05/2018,02,4,2018,19,PD11WK02F18
18,11,47,14/05/2018,20/05/2018,03,4,2018,20,PD11WK03F18
18,11,48,21/05/2018,27/05/2018,04,4,2018,21,PD11WK04F18
18,12,49,28/05/2018,03/06/2018,01,4,2018,22,PD12WK01F18
18,12,50,04/06/2018,10/06/2018,02,4,2018,23,PD12WK02F18
18,12,51,11/06/2018,17/06/2018,03,4,2018,24,PD12WK03F18
18,12,52,18/06/2018,24/06/2018,04,4,2018,25,PD12WK04F18
19,01,1,25/06/2018,01/07/2018,01,1,2018,26,PD01WK01F19
19,01,2,02/07/2018,08/07/2018,02,1,2018,27,PD01WK02F19
19,01,3,09/07/2018,15/07/2018,03,1,2018,28,PD01WK03F19
19,01,4,16/07/2018,22/07/2018,04,1,2018,29,PD01WK04F19
19,01,5,23/07/2018,29/07/2018,05,1,2018,30,PD01WK05F19
19,02,6,30/07/2018,05/08/2018,01,1,2018,31,PD02WK01F19
19,02,7,06/08/2018,12/08/2018,02,1,2018,32,PD02WK02F19
19,02,8,13/08/2018,19/08/2018,03,1,2018,33,PD02WK03F19
19,02,9,20/08/2018,26/08/2018,04,1,2018,34,PD02WK04F19
19,03,10,27/08/2018,02/09/2018,01,1,2018,35,PD03WK01F19
19,03,11,03/09/2018,09/09/2018,02,1,2018,36,PD03WK02F19
19,03,12,10/09/2018,16/09/2018,03,1,2018,37,PD03WK03F19
19,03,13,17/09/2018,23/09/2018,04,1,2018,38,PD03WK04F19
19,04,14,24/09/2018,30/09/2018,01,2,2018,39,PD04WK01F19
19,04,15,01/10/2018,07/10/2018,02,2,2018,40,PD04WK02F19
19,04,16,08/10/2018,14/10/2018,03,2,2018,41,PD04WK03F19
19,04,17,15/10/2018,21/10/2018,04,2,2018,42,PD04WK04F19
19,04,18,22/10/2018,28/10/2018,05,2,2018,43,PD04WK05F19
19,05,19,29/10/2018,04/11/2018,01,2,2018,44,PD05WK01F19
19,05,20,05/11/2018,11/11/2018,02,2,2018,45,PD05WK02F19
19,05,21,12/11/2018,18/11/2018,03,2,2018,46,PD05WK03F19
19,05,22,19/11/2018,25/11/2018,04,2,2018,47,PD05WK04F19
19,06,23,26/11/2018,02/12/2018,01,2,2018,48,PD06WK01F19
19,06,24,03/12/2018,09/12/2018,02,2,2018,49,PD06WK02F19
19,06,25,10/12/2018,16/12/2018,03,2,2018,50,PD06WK03F19
19,06,26,17/12/2018,23/12/2018,04,2,2018,51,PD06WK04F19
19,06,27,24/12/2018,30/12/2018,05,2,2018,52,PD06WK05F19
19,07,28,31/12/2018,06/01/2019,01,3,2019,1,PD07WK01F19
19,07,29,07/01/2019,13/01/2019,02,3,2019,2,PD07WK02F19
19,07,30,14/01/2019,20/01/2019,03,3,2019,3,PD07WK03F19
19,07,31,21/01/2019,27/01/2019,04,3,2019,4,PD07WK04F19
19,08,32,28/01/2019,03/02/2019,01,3,2019,5,PD08WK01F19
19,08,33,04/02/2019,10/02/2019,02,3,2019,6,PD08WK02F19
19,08,34,11/02/2019,17/02/2019,03,3,2019,7,PD08WK03F19
19,08,35,18/02/2019,24/02/2019,04,3,2019,8,PD08WK04F19
19,09,36,25/02/2019,03/03/2019,01,3,2019,9,PD09WK01F19
19,09,37,04/03/2019,10/03/2019,02,3,2019,10,PD09WK02F19
19,09,38,11/03/2019,17/03/2019,03,3,2019,11,PD09WK03F19
19,09,39,18/03/2019,24/03/2019,04,3,2019,12,PD09WK04F19
19,10,40,25/03/2019,31/03/2019,01,4,2019,13,PD10WK01F19
19,10,41,01/04/2019,07/04/2019,02,4,2019,14,PD10WK02F19
19,10,42,08/04/2019,14/04/2019,03,4,2019,15,PD10WK03F19
19,10,43,15/04/2019,21/04/2019,04,4,2019,16,PD10WK04F19
19,10,44,22/04/2019,28/04/2019,05,4,2019,17,PD10WK05F19
19,11,45,29/04/2019,05/05/2019,01,4,2019,18,PD11WK01F19
19,11,46,06/05/2019,12/05/2019,02,4,2019,19,PD11WK02F19
19,11,47,13/05/2019,19/05/2019,03,4,2019,20,PD11WK03F19
19,11,48,20/05/2019,26/05/2019,04,4,2019,21,PD11WK04F19
19,12,49,27/05/2019,02/06/2019,01,4,2019,22,PD12WK01F19
19,12,50,03/06/2019,09/06/2019,02,4,2019,23,PD12WK02F19
19,12,51,10/06/2019,16/06/2019,03,4,2019,24,PD12WK03F19
19,12,52,17/06/2019,23/06/2019,04,4,2019,25,PD12WK04F19
19,12,53,24/06/2019,30/06/2019,05,4,2019,26,PD12WK05F19
20,01,1,01/07/2019,07/07/2019,01,1,2019,27,PD01WK01F20
20,01,2,08/07/2019,14/07/2019,02,1,2019,28,PD01WK02F20
20,01,3,15/07/2019,21/07/2019,03,1,2019,29,PD01WK03F20
20,01,4,22/07/2019,28/07/2019,04,1,2019,30,PD01WK04F20
20,01,5,29/07/2019,04/08/2019,05,1,2019,31,PD01WK05F20
20,02,6,05/08/2019,11/08/2019,01,1,2019,32,PD02WK01F20
20,02,7,12/08/2019,18/08/2019,02,1,2019,33,PD02WK02F20
20,02,8,19/08/2019,25/08/2019,03,1,2019,34,PD02WK03F20
20,02,9,26/08/2019,01/09/2019,04,1,2019,35,PD02WK04F20
20,03,10,02/09/2019,08/09/2019,01,1,2019,36,PD03WK01F20
20,03,11,09/09/2019,15/09/2019,02,1,2019,37,PD03WK02F20
20,03,12,16/09/2019,22/09/2019,03,1,2019,38,PD03WK03F20
20,03,13,23/09/2019,29/09/2019,04,1,2019,39,PD03WK04F20
20,04,14,30/09/2019,06/10/2019,01,2,2019,40,PD04WK01F20
20,04,15,07/10/2019,13/10/2019,02,2,2019,41,PD04WK02F20
20,04,16,14/10/2019,20/10/2019,03,2,2019,42,PD04WK03F20
20,04,17,21/10/2019,27/10/2019,04,2,2019,43,PD04WK04F20
20,04,18,28/10/2019,03/11/2019,05,2,2019,44,PD04WK05F20
20,05,19,04/11/2019,10/11/2019,01,2,2019,45,PD05WK01F20
20,05,20,11/11/2019,17/11/2019,02,2,2019,46,PD05WK02F20
20,05,21,18/11/2019,24/11/2019,03,2,2019,47,PD05WK03F20
20,05,22,25/11/2019,01/12/2019,04,2,2019,48,PD05WK04F20
20,06,23,02/12/2019,08/12/2019,01,2,2019,49,PD06WK01F20
20,06,24,09/12/2019,15/12/2019,02,2,2019,50,PD06WK02F20
20,06,25,16/12/2019,22/12/2019,03,2,2019,51,PD06WK03F20
20,06,26,23/12/2019,29/12/2019,04,2,2019,52,PD06WK04F20
20,06,27,30/12/2019,05/01/2020,05,2,2020,1,PD06WK05F20
20,07,28,06/01/2020,12/01/2020,01,3,2020,2,PD07WK01F20
20,07,29,13/01/2020,19/01/2020,02,3,2020,3,PD07WK02F20
20,07,30,20/01/2020,26/01/2020,03,3,2020,4,PD07WK03F20
20,07,31,27/01/2020,02/02/2020,04,3,2020,5,PD07WK04F20
20,08,32,03/02/2020,09/02/2020,01,3,2020,6,PD08WK01F20
20,08,33,10/02/2020,16/02/2020,02,3,2020,7,PD08WK02F20
20,08,34,17/02/2020,23/02/2020,03,3,2020,8,PD08WK03F20
20,08,35,24/02/2020,01/03/2020,04,3,2020,9,PD08WK04F20
20,09,36,02/03/2020,08/03/2020,01,3,2020,10,PD09WK01F20
20,09,37,09/03/2020,15/03/2020,02,3,2020,11,PD09WK02F20
20,09,38,16/03/2020,22/03/2020,03,3,2020,12,PD09WK03F20
20,09,39,23/03/2020,29/03/2020,04,3,2020,13,PD09WK04F20
20,10,40,30/03/2020,05/04/2020,01,4,2020,14,PD10WK01F20
20,10,41,06/04/2020,12/04/2020,02,4,2020,15,PD10WK02F20
20,10,42,13/04/2020,19/04/2020,03,4,2020,16,PD10WK03F20
20,10,43,20/04/2020,26/04/2020,04,4,2020,17,PD10WK04F20
20,10,44,27/04/2020,03/05/2020,05,4,2020,18,PD10WK05F20
20,11,45,04/05/2020,10/05/2020,01,4,2020,19,PD11WK01F20
20,11,46,11/05/2020,17/05/2020,02,4,2020,20,PD11WK02F20
20,11,47,18/05/2020,24/05/2020,03,4,2020,21,PD11WK03F20
20,11,48,25/05/2020,31/05/2020,04,4,2020,22,PD11WK04F20
20,12,49,01/06/2020,07/06/2020,01,4,2020,23,PD12WK01F20
20,12,50,08/06/2020,14/06/2020,02,4,2020,24,PD12WK02F20
20,12,51,15/06/2020,21/06/2020,03,4,2020,25,PD12WK03F20
20,12,52,22/06/2020,28/06/2020,04,4,2020,26,PD12WK04F20
21,01,1,29/06/2020,05/07/2020,01,1,2020,27,PD01WK01F21
21,01,2,06/07/2020,12/07/2020,02,1,2020,28,PD01WK02F21
21,01,3,13/07/2020,19/07/2020,03,1,2020,29,PD01WK03F21
21,01,4,20/07/2020,26/07/2020,04,1,2020,30,PD01WK04F21
21,01,5,27/07/2020,02/08/2020,05,1,2020,31,PD01WK05F21
21,02,6,03/08/2020,09/08/2020,01,1,2020,32,PD02WK01F21
21,02,7,10/08/2020,16/08/2020,02,1,2020,33,PD02WK02F21
21,02,8,17/08/2020,23/08/2020,03,1,2020,34,PD02WK03F21
21,02,9,24/08/2020,30/08/2020,04,1,2020,35,PD02WK04F21
21,03,10,31/08/2020,06/09/2020,01,1,2020,36,PD03WK01F21
21,03,11,07/09/2020,13/09/2020,02,1,2020,37,PD03WK02F21
21,03,12,14/09/2020,20/09/2020,03,1,2020,38,PD03WK03F21
21,03,13,21/09/2020,27/09/2020,04,1,2020,39,PD03WK04F21
21,04,14,28/09/2020,04/10/2020,01,2,2020,40,PD04WK01F21
21,04,15,05/10/2020,11/10/2020,02,2,2020,41,PD04WK02F21
21,04,16,12/10/2020,18/10/2020,03,2,2020,42,PD04WK03F21
21,04,17,19/10/2020,25/10/2020,04,2,2020,43,PD04WK04F21
21,04,18,26/10/2020,01/11/2020,05,2,2020,44,PD04WK05F21
21,05,19,02/11/2020,08/11/2020,01,2,2020,45,PD05WK01F21
21,05,20,09/11/2020,15/11/2020,02,2,2020,46,PD05WK02F21
21,05,21,16/11/2020,22/11/2020,03,2,2020,47,PD05WK03F21
21,05,22,23/11/2020,29/11/2020,04,2,2020,48,PD05WK04F21
21,06,23,30/11/2020,06/12/2020,01,2,2020,49,PD06WK01F21
21,06,24,07/12/2020,13/12/2020,02,2,2020,50,PD06WK02F21
21,06,25,14/12/2020,20/12/2020,03,2,2020,51,PD06WK03F21
21,06,26,21/12/2020,27/12/2020,04,2,2020,52,PD06WK04F21
21,06,27,28/12/2020,03/01/2021,05,2,2020,53,PD06WK05F21
21,07,28,04/01/2021,10/01/2021,01,3,2021,1,PD07WK01F21
21,07,29,11/01/2021,17/01/2021,02,3,2021,2,PD07WK02F21
21,07,30,18/01/2021,24/01/2021,03,3,2021,3,PD07WK03F21
21,07,31,25/01/2021,31/01/2021,04,3,2021,4,PD07WK04F21
21,08,32,01/02/2021,07/02/2021,01,3,2021,5,PD08WK01F21
21,08,33,08/02/2021,14/02/2021,02,3,2021,6,PD08WK02F21
21,08,34,15/02/2021,21/02/2021,03,3,2021,7,PD08WK03F21
21,08,35,22/02/2021,28/02/2021,04,3,2021,8,PD08WK04F21
21,09,36,01/03/2021,07/03/2021,01,3,2021,9,PD09WK01F21
21,09,37,08/03/2021,14/03/2021,02,3,2021,10,PD09WK02F21
21,09,38,15/03/2021,21/03/2021,03,3,2021,11,PD09WK03F21
21,09,39,22/03/2021,28/03/2021,04,3,2021,12,PD09WK04F21
21,10,40,29/03/2021,04/04/2021,01,4,2021,13,PD10WK01F21
21,10,41,05/04/2021,11/04/2021,02,4,2021,14,PD10WK02F21
21,10,42,12/04/2021,18/04/2021,03,4,2021,15,PD10WK03F21
21,10,43,19/04/2021,25/04/2021,04,4,2021,16,PD10WK04F21
21,10,44,26/04/2021,02/05/2021,05,4,2021,17,PD10WK05F21
21,11,45,03/05/2021,09/05/2021,01,4,2021,18,PD11WK01F21
21,11,46,10/05/2021,16/05/2021,02,4,2021,19,PD11WK02F21
21,11,47,17/05/2021,23/05/2021,03,4,2021,20,PD11WK03F21
21,11,48,24/05/2021,30/05/2021,04,4,2021,21,PD11WK04F21
21,12,49,31/05/2021,06/06/2021,01,4,2021,22,PD12WK01F21
21,12,50,07/06/2021,13/06/2021,02,4,2021,23,PD12WK02F21
21,12,51,14/06/2021,20/06/2021,03,4,2021,24,PD12WK03F21
21,12,52,21/06/2021,27/06/2021,04,4,2021,25,PD12WK04F21
22,01,1,28/06/2021,04/07/2021,01,1,2021,26,PD01WK01F22
22,01,2,05/07/2021,11/07/2021,02,1,2021,27,PD01WK02F22
22,01,3,12/07/2021,18/07/2021,03,1,2021,28,PD01WK03F22
22,01,4,19/07/2021,25/07/2021,04,1,2021,29,PD01WK04F22
22,01,5,26/07/2021,01/08/2021,05,1,2021,30,PD01WK05F22
22,02,6,02/08/2021,08/08/2021,01,1,2021,31,PD02WK01F22
22,02,7,09/08/2021,15/08/2021,02,1,2021,32,PD02WK02F22
22,02,8,16/08/2021,22/08/2021,03,1,2021,33,PD02WK03F22
22,02,9,23/08/2021,29/08/2021,04,1,2021,34,PD02WK04F22
22,03,10,30/08/2021,05/09/2021,01,1,2021,35,PD03WK01F22
22,03,11,06/09/2021,12/09/2021,02,1,2021,36,PD03WK02F22
22,03,12,13/09/2021,19/09/2021,03,1,2021,37,PD03WK03F22
22,03,13,20/09/2021,26/09/2021,04,1,2021,38,PD03WK04F22
22,04,14,27/09/2021,03/10/2021,01,2,2021,39,PD04WK01F22
22,04,15,04/10/2021,10/10/2021,02,2,2021,40,PD04WK02F22
22,04,16,11/10/2021,17/10/2021,03,2,2021,41,PD04WK03F22
22,04,17,18/10/2021,24/10/2021,04,2,2021,42,PD04WK04F22
22,04,18,25/10/2021,31/10/2021,05,2,2021,43,PD04WK05F22
22,05,19,01/11/2021,07/11/2021,01,2,2021,44,PD05WK01F22
22,05,20,08/11/2021,14/11/2021,02,2,2021,45,PD05WK02F22
22,05,21,15/11/2021,21/11/2021,03,2,2021,46,PD05WK03F22
22,05,22,22/11/2021,28/11/2021,04,2,2021,47,PD05WK04F22
22,06,23,29/11/2021,05/12/2021,01,2,2021,48,PD06WK01F22
22,06,24,06/12/2021,12/12/2021,02,2,2021,49,PD06WK02F22
22,06,25,13/12/2021,19/12/2021,03,2,2021,50,PD06WK03F22
22,06,26,20/12/2021,26/12/2021,04,2,2021,51,PD06WK04F22
22,06,27,27/12/2021,02/01/2022,05,2,2021,52,PD06WK05F22
22,07,28,03/01/2022,09/01/2022,01,3,2022,1,PD07WK01F22
22,07,29,10/01/2022,16/01/2022,02,3,2022,2,PD07WK02F22
22,07,30,17/01/2022,23/01/2022,03,3,2022,3,PD07WK03F22
22,07,31,24/01/2022,30/01/2022,04,3,2022,4,PD07WK04F22
22,08,32,31/01/2022,06/02/2022,01,3,2022,5,PD08WK01F22
22,08,33,07/02/2022,13/02/2022,02,3,2022,6,PD08WK02F22
22,08,34,14/02/2022,20/02/2022,03,3,2022,7,PD08WK03F22
22,08,35,21/02/2022,27/02/2022,04,3,2022,8,PD08WK04F22
22,09,36,28/02/2022,06/03/2022,01,3,2022,9,PD09WK01F22
22,09,37,07/03/2022,13/03/2022,02,3,2022,10,PD09WK02F22
22,09,38,14/03/2022,20/03/2022,03,3,2022,11,PD09WK03F22
22,09,39,21/03/2022,27/03/2022,04,3,2022,12,PD09WK04F22
22,10,40,28/03/2022,03/04/2022,01,4,2022,13,PD10WK01F22
22,10,41,04/04/2022,10/04/2022,02,4,2022,14,PD10WK02F22
22,10,42,11/04/2022,17/04/2022,03,4,2022,15,PD10WK03F22
22,10,43,18/04/2022,24/04/2022,04,4,2022,16,PD10WK04F22
22,10,44,25/04/2022,01/05/2022,05,4,2022,17,PD10WK05F22
22,11,45,02/05/2022,08/05/2022,01,4,2022,18,PD11WK01F22
22,11,46,09/05/2022,15/05/2022,02,4,2022,19,PD11WK02F22
22,11,47,16/05/2022,22/05/2022,03,4,2022,20,PD11WK03F22
22,11,48,23/05/2022,29/05/2022,04,4,2022,21,PD11WK04F22
22,12,49,30/05/2022,05/06/2022,01,4,2022,22,PD12WK01F22
22,12,50,06/06/2022,12/06/2022,02,4,2022,23,PD12WK02F22
22,12,51,13/06/2022,19/06/2022,03,4,2022,24,PD12WK03F22
22,12,52,20/06/2022,26/06/2022,04,4,2022,25,PD12WK04F22
23,01,1,27/06/2022,03/07/2022,01,1,2022,26,PD01WK01F23
23,01,2,04/07/2022,10/07/2022,02,1,2022,27,PD01WK02F23
23,01,3,11/07/2022,17/07/2022,03,1,2022,28,PD01WK03F23
23,01,4,18/07/2022,24/07/2022,04,1,2022,29,PD01WK04F23
23,01,5,25/07/2022,31/07/2022,05,1,2022,30,PD01WK05F23
23,02,6,01/08/2022,07/08/2022,01,1,2022,31,PD02WK01F23
23,02,7,08/08/2022,14/08/2022,02,1,2022,32,PD02WK02F23
23,02,8,15/08/2022,21/08/2022,03,1,2022,33,PD02WK03F23
23,02,9,22/08/2022,28/08/2022,04,1,2022,34,PD02WK04F23
23,03,10,29/08/2022,04/09/2022,01,1,2022,35,PD03WK01F23
23,03,11,05/09/2022,11/09/2022,02,1,2022,36,PD03WK02F23
23,03,12,12/09/2022,18/09/2022,03,1,2022,37,PD03WK03F23
23,03,13,19/09/2022,25/09/2022,04,1,2022,38,PD03WK04F23
23,04,14,26/09/2022,02/10/2022,01,2,2022,39,PD04WK01F23
23,04,15,03/10/2022,09/10/2022,02,2,2022,40,PD04WK02F23
23,04,16,10/10/2022,16/10/2022,03,2,2022,41,PD04WK03F23
23,04,17,17/10/2022,23/10/2022,04,2,2022,42,PD04WK04F23
23,04,18,24/10/2022,30/10/2022,05,2,2022,43,PD04WK05F23
23,05,19,31/10/2022,06/11/2022,01,2,2022,44,PD05WK01F23
23,05,20,07/11/2022,13/11/2022,02,2,2022,45,PD05WK02F23
23,05,21,14/11/2022,20/11/2022,03,2,2022,46,PD05WK03F23
23,05,22,21/11/2022,27/11/2022,04,2,2022,47,PD05WK04F23
23,06,23,28/11/2022,04/12/2022,01,2,2022,48,PD06WK01F23
23,06,24,05/12/2022,11/12/2022,02,2,2022,49,PD06WK02F23
23,06,25,12/12/2022,18/12/2022,03,2,2022,50,PD06WK03F23
23,06,26,19/12/2022,25/12/2022,04,2,2022,51,PD06WK04F23
23,06,27,26/12/2022,01/01/2023,05,2,2022,52,PD06WK05F23
23,07,28,02/01/2023,08/01/2023,01,3,2023,1,PD07WK01F23
23,07,29,09/01/2023,15/01/2023,02,3,2023,2,PD07WK02F23
23,07,30,16/01/2023,22/01/2023,03,3,2023,3,PD07WK03F23
23,07,31,23/01/2023,29/01/2023,04,3,2023,4,PD07WK04F23
23,08,32,30/01/2023,05/02/2023,01,3,2023,5,PD08WK01F23
23,08,33,06/02/2023,12/02/2023,02,3,2023,6,PD08WK02F23
23,08,34,13/02/2023,19/02/2023,03,3,2023,7,PD08WK03F23
23,08,35,20/02/2023,26/02/2023,04,3,2023,8,PD08WK04F23
23,09,36,27/02/2023,05/03/2023,01,3,2023,9,PD09WK01F23
23,09,37,06/03/2023,12/03/2023,02,3,2023,10,PD09WK02F23
23,09,38,13/03/2023,19/03/2023,03,3,2023,11,PD09WK03F23
23,09,39,20/03/2023,26/03/2023,04,3,2023,12,PD09WK04F23
23,10,40,27/03/2023,02/04/2023,01,4,2023,13,PD10WK01F23
23,10,41,03/04/2023,09/04/2023,02,4,2023,14,PD10WK02F23
23,10,42,10/04/2023,16/04/2023,03,4,2023,15,PD10WK03F23
23,10,43,17/04/2023,23/04/2023,04,4,2023,16,PD10WK04F23
23,10,44,24/04/2023,30/04/2023,05,4,2023,17,PD10WK05F23
23,11,45,01/05/2023,07/05/2023,01,4,2023,18,PD11WK01F23
23,11,46,08/05/2023,14/05/2023,02,4,2023,19,PD11WK02F23
23,11,47,15/05/2023,21/05/2023,03,4,2023,20,PD11WK03F23
23,11,48,22/05/2023,28/05/2023,04,4,2023,21,PD11WK04F23
23,12,49,29/05/2023,04/06/2023,01,4,2023,22,PD12WK01F23
23,12,50,05/06/2023,11/06/2023,02,4,2023,23,PD12WK02F23
23,12,51,12/06/2023,18/06/2023,03,4,2023,24,PD12WK03F23
23,12,52,19/06/2023,25/06/2023,04,4,2023,25,PD12WK04F23
24,01,1,26/06/2023,02/07/2023,01,1,2023,26,PD01WK01F24
24,01,2,03/07/2023,09/07/2023,02,1,2023,27,PD01WK02F24
24,01,3,10/07/2023,16/07/2023,03,1,2023,28,PD01WK03F24
24,01,4,17/07/2023,23/07/2023,04,1,2023,29,PD01WK04F24
24,01,5,24/07/2023,30/07/2023,05,1,2023,30,PD01WK05F24
24,02,6,31/07/2023,06/08/2023,01,1,2023,31,PD02WK01F24
24,02,7,07/08/2023,13/08/2023,02,1,2023,32,PD02WK02F24
24,02,8,14/08/2023,20/08/2023,03,1,2023,33,PD02WK03F24
24,02,9,21/08/2023,27/08/2023,04,1,2023,34,PD02WK04F24
24,03,10,28/08/2023,03/09/2023,01,1,2023,35,PD03WK01F24
24,03,11,04/09/2023,10/09/2023,02,1,2023,36,PD03WK02F24
24,03,12,11/09/2023,17/09/2023,03,1,2023,37,PD03WK03F24
24,03,13,18/09/2023,24/09/2023,04,1,2023,38,PD03WK04F24
24,04,14,25/09/2023,01/10/2023,01,2,2023,39,PD04WK01F24
24,04,15,02/10/2023,08/10/2023,02,2,2023,40,PD04WK02F24
24,04,16,09/10/2023,15/10/2023,03,2,2023,41,PD04WK03F24
24,04,17,16/10/2023,22/10/2023,04,2,2023,42,PD04WK04F24
24,04,18,23/10/2023,29/10/2023,05,2,2023,43,PD04WK05F24
24,05,19,30/10/2023,05/11/2023,01,2,2023,44,PD05WK01F24
24,05,20,06/11/2023,12/11/2023,02,2,2023,45,PD05WK02F24
24,05,21,13/11/2023,19/11/2023,03,2,2023,46,PD05WK03F24
24,05,22,20/11/2023,26/11/2023,04,2,2023,47,PD05WK04F24
24,06,23,27/11/2023,03/12/2023,01,2,2023,48,PD06WK01F24
24,06,24,04/12/2023,10/12/2023,02,2,2023,49,PD06WK02F24
24,06,25,11/12/2023,17/12/2023,03,2,2023,50,PD06WK03F24
24,06,26,18/12/2023,24/12/2023,04,2,2023,51,PD06WK04F24
24,06,27,25/12/2023,31/12/2023,05,2,2023,52,PD06WK05F24
24,07,28,01/01/2024,07/01/2024,01,3,2024,1,PD07WK01F24
24,07,29,08/01/2024,14/01/2024,02,3,2024,2,PD07WK02F24
24,07,30,15/01/2024,21/01/2024,03,3,2024,3,PD07WK03F24
24,07,31,22/01/2024,28/01/2024,04,3,2024,4,PD07WK04F24
24,08,32,29/01/2024,04/02/2024,01,3,2024,5,PD08WK01F24
24,08,33,05/02/2024,11/02/2024,02,3,2024,6,PD08WK02F24
24,08,34,12/02/2024,18/02/2024,03,3,2024,7,PD08WK03F24
24,08,35,19/02/2024,25/02/2024,04,3,2024,8,PD08WK04F24
24,09,36,26/02/2024,03/03/2024,01,3,2024,9,PD09WK01F24
24,09,37,04/03/2024,10/03/2024,02,3,2024,10,PD09WK02F24
24,09,38,11/03/2024,17/03/2024,03,3,2024,11,PD09WK03F24
24,09,39,18/03/2024,24/03/2024,04,3,2024,12,PD09WK04F24
24,10,40,25/03/2024,31/03/2024,01,4,2024,13,PD10WK01F24
24,10,41,01/04/2024,07/04/2024,02,4,2024,14,PD10WK02F24
24,10,42,08/04/2024,14/04/2024,03,4,2024,15,PD10WK03F24
24,10,43,15/04/2024,21/04/2024,04,4,2024,16,PD10WK04F24
24,10,44,22/04/2024,28/04/2024,05,4,2024,17,PD10WK05F24
24,11,45,29/04/2024,05/05/2024,01,4,2024,18,PD11WK01F24
24,11,46,06/05/2024,12/05/2024,02,4,2024,19,PD11WK02F24
24,11,47,13/05/2024,19/05/2024,03,4,2024,20,PD11WK03F24
24,11,48,20/05/2024,26/05/2024,04,4,2024,21,PD11WK04F24
24,12,49,27/05/2024,02/06/2024,01,4,2024,22,PD12WK01F24
24,12,50,03/06/2024,09/06/2024,02,4,2024,23,PD12WK02F24
24,12,51,10/06/2024,16/06/2024,03,4,2024,24,PD12WK03F24
24,12,52,17/06/2024,23/06/2024,04,4,2024,25,PD12WK04F24
24,12,53,24/06/2024,30/06/2024,05,4,2024,26,PD12WK05F24
25,01,1,01/07/2024,07/07/2024,01,1,2024,27,PD01WK01F25
25,01,2,08/07/2024,14/07/2024,02,1,2024,28,PD01WK02F25
25,01,3,15/07/2024,21/07/2024,03,1,2024,29,PD01WK03F25
25,01,4,22/07/2024,28/07/2024,04,1,2024,30,PD01WK04F25
25,01,5,29/07/2024,04/08/2024,05,1,2024,31,PD01WK05F25
25,02,6,05/08/2024,11/08/2024,01,1,2024,32,PD02WK01F25
25,02,7,12/08/2024,18/08/2024,02,1,2024,33,PD02WK02F25
25,02,8,19/08/2024,25/08/2024,03,1,2024,34,PD02WK03F25
25,02,9,26/08/2024,01/09/2024,04,1,2024,35,PD02WK04F25
25,03,10,02/09/2024,08/09/2024,01,1,2024,36,PD03WK01F25
25,03,11,09/09/2024,15/09/2024,02,1,2024,37,PD03WK02F25
25,03,12,16/09/2024,22/09/2024,03,1,2024,38,PD03WK03F25
25,03,13,23/09/2024,29/09/2024,04,1,2024,39,PD03WK04F25
25,04,14,30/09/2024,06/10/2024,01,2,2024,40,PD04WK01F25
25,04,15,07/10/2024,13/10/2024,02,2,2024,41,PD04WK02F25
25,04,16,14/10/2024,20/10/2024,03,2,2024,42,PD04WK03F25
25,04,17,21/10/2024,27/10/2024,04,2,2024,43,PD04WK04F25
25,04,18,28/10/2024,03/11/2024,05,2,2024,44,PD04WK05F25
25,05,19,04/11/2024,10/11/2024,01,2,2024,45,PD05WK01F25
25,05,20,11/11/2024,17/11/2024,02,2,2024,46,PD05WK02F25
25,05,21,18/11/2024,24/11/2024,03,2,2024,47,PD05WK03F25
25,05,22,25/11/2024,01/12/2024,04,2,2024,48,PD05WK04F25
25,06,23,02/12/2024,08/12/2024,01,2,2024,49,PD06WK01F25
25,06,24,09/12/2024,15/12/2024,02,2,2024,50,PD06WK02F25
25,06,25,16/12/2024,22/12/2024,03,2,2024,51,PD06WK03F25
25,06,26,23/12/2024,29/12/2024,04,2,2024,52,PD06WK04F25
25,06,27,30/12/2024,05/01/2025,05,2,2025,1,PD06WK05F25
25,07,28,06/01/2025,12/01/2025,01,3,2025,2,PD07WK01F25
25,07,29,13/01/2025,19/01/2025,02,3,2025,3,PD07WK02F25
25,07,30,20/01/2025,26/01/2025,03,3,2025,4,PD07WK03F25
25,07,31,27/01/2025,02/02/2025,04,3,2025,5,PD07WK04F25
25,08,32,03/02/2025,09/02/2025,01,3,2025,6,PD08WK01F25
25,08,33,10/02/2025,16/02/2025,02,3,2025,7,PD08WK02F25
25,08,34,17/02/2025,23/02/2025,03,3,2025,8,PD08WK03F25
25,08,35,24/02/2025,02/03/2025,04,3,2025,9,PD08WK04F25
25,09,36,03/03/2025,09/03/2025,01,3,2025,10,PD09WK01F25
25,09,37,10/03/2025,16/03/2025,02,3,2025,11,PD09WK02F25
25,09,38,17/03/2025,23/03/2025,03,3,2025,12,PD09WK03F25
25,09,39,24/03/2025,30/03/2025,04,3,2025,13,PD09WK04F25
25,10,40,31/03/2025,06/04/2025,01,4,2025,14,PD10WK01F25
25,10,41,07/04/2025,13/04/2025,02,4,2025,15,PD10WK02F25
25,10,42,14/04/2025,20/04/2025,03,4,2025,16,PD10WK03F25
25,10,43,21/04/2025,27/04/2025,04,4,2025,17,PD10WK04F25
25,10,44,28/04/2025,04/05/2025,05,4,2025,18,PD10WK05F25
25,11,45,05/05/2025,11/05/2025,01,4,2025,19,PD11WK01F25
25,11,46,12/05/2025,18/05/2025,02,4,2025,20,PD11WK02F25
25,11,47,19/05/2025,25/05/2025,03,4,2025,21,PD11WK03F25
25,11,48,26/05/2025,01/06/2025,04,4,2025,22,PD11WK04F25
25,12,49,02/06/2025,08/06/2025,01,4,2025,23,PD12WK01F25
25,12,50,09/06/2025,15/06/2025,02,4,2025,24,PD12WK02F25
25,12,51,16/06/2025,22/06/2025,03,4,2025,25,PD12WK03F25
25,12,52,23/06/2025,29/06/2025,04,4,2025,26,PD12WK04F25
26,01,1,30/06/2025,06/07/2025,01,1,2025,27,PD01WK01F26
26,01,2,07/07/2025,13/07/2025,02,1,2025,28,PD01WK02F26
26,01,3,14/07/2025,20/07/2025,03,1,2025,29,PD01WK03F26
26,01,4,21/07/2025,27/07/2025,04,1,2025,30,PD01WK04F26
26,01,5,28/07/2025,03/08/2025,05,1,2025,31,PD01WK05F26
26,02,6,04/08/2025,10/08/2025,01,1,2025,32,PD02WK01F26
26,02,7,11/08/2025,17/08/2025,02,1,2025,33,PD02WK02F26
26,02,8,18/08/2025,24/08/2025,03,1,2025,34,PD02WK03F26
26,02,9,25/08/2025,31/08/2025,04,1,2025,35,PD02WK04F26
26,03,10,01/09/2025,07/09/2025,01,1,2025,36,PD03WK01F26
26,03,11,08/09/2025,14/09/2025,02,1,2025,37,PD03WK02F26
26,03,12,15/09/2025,21/09/2025,03,1,2025,38,PD03WK03F26
26,03,13,22/09/2025,28/09/2025,04,1,2025,39,PD03WK04F26
26,04,14,29/09/2025,05/10/2025,01,2,2025,40,PD04WK01F26
26,04,15,06/10/2025,12/10/2025,02,2,2025,41,PD04WK02F26
26,04,16,13/10/2025,19/10/2025,03,2,2025,42,PD04WK03F26
26,04,17,20/10/2025,26/10/2025,04,2,2025,43,PD04WK04F26
26,04,18,27/10/2025,02/11/2025,05,2,2025,44,PD04WK05F26
26,05,19,03/11/2025,09/11/2025,01,2,2025,45,PD05WK01F26
26,05,20,10/11/2025,16/11/2025,02,2,2025,46,PD05WK02F26
26,05,21,17/11/2025,23/11/2025,03,2,2025,47,PD05WK03F26
26,05,22,24/11/2025,30/11/2025,04,2,2025,48,PD05WK04F26
26,06,23,01/12/2025,07/12/2025,01,2,2025,49,PD06WK01F26
26,06,24,08/12/2025,14/12/2025,02,2,2025,50,PD06WK02F26
26,06,25,15/12/2025,21/12/2025,03,2,2025,51,PD06WK03F26
26,06,26,22/12/2025,28/12/2025,04,2,2025,52,PD06WK04F26
26,06,27,29/12/2025,04/01/2026,05,2,2026,1,PD06WK05F26
26,07,28,05/01/2026,11/01/2026,01,3,2026,2,PD07WK01F26
26,07,29,12/01/2026,18/01/2026,02,3,2026,3,PD07WK02F26
26,07,30,19/01/2026,25/01/2026,03,3,2026,4,PD07WK03F26
26,07,31,26/01/2026,01/02/2026,04,3,2026,5,PD07WK04F26
26,08,32,02/02/2026,08/02/2026,01,3,2026,6,PD08WK01F26
26,08,33,09/02/2026,15/02/2026,02,3,2026,7,PD08WK02F26
26,08,34,16/02/2026,22/02/2026,03,3,2026,8,PD08WK03F26
26,08,35,23/02/2026,01/03/2026,04,3,2026,9,PD08WK04F26
26,09,36,02/03/2026,08/03/2026,01,3,2026,10,PD09WK01F26
26,09,37,09/03/2026,15/03/2026,02,3,2026,11,PD09WK02F26
26,09,38,16/03/2026,22/03/2026,03,3,2026,12,PD09WK03F26
26,09,39,23/03/2026,29/03/2026,04,3,2026,13,PD09WK04F26
26,10,40,30/03/2026,05/04/2026,01,4,2026,14,PD10WK01F26
26,10,41,06/04/2026,12/04/2026,02,4,2026,15,PD10WK02F26
26,10,42,13/04/2026,19/04/2026,03,4,2026,16,PD10WK03F26
26,10,43,20/04/2026,26/04/2026,04,4,2026,17,PD10WK04F26
26,10,44,27/04/2026,03/05/2026,05,4,2026,18,PD10WK05F26
26,11,45,04/05/2026,10/05/2026,01,4,2026,19,PD11WK01F26
26,11,46,11/05/2026,17/05/2026,02,4,2026,20,PD11WK02F26
26,11,47,18/05/2026,24/05/2026,03,4,2026,21,PD11WK03F26
26,11,48,25/05/2026,31/05/2026,04,4,2026,22,PD11WK04F26
26,12,49,01/06/2026,07/06/2026,01,4,2026,23,PD12WK01F26
26,12,50,08/06/2026,14/06/2026,02,4,2026,24,PD12WK02F26
26,12,51,15/06/2026,21/06/2026,03,4,2026,25,PD12WK03F26
26,12,52,22/06/2026,28/06/2026,04,4,2026,26,PD12WK04F26
27,01,1,29/06/2026,05/07/2026,01,1,2026,27,PD01WK01F27
27,01,2,06/07/2026,12/07/2026,02,1,2026,28,PD01WK02F27
27,01,3,13/07/2026,19/07/2026,03,1,2026,29,PD01WK03F27
27,01,4,20/07/2026,26/07/2026,04,1,2026,30,PD01WK04F27
27,01,5,27/07/2026,02/08/2026,05,1,2026,31,PD01WK05F27
27,02,6,03/08/2026,09/08/2026,01,1,2026,32,PD02WK01F27
27,02,7,10/08/2026,16/08/2026,02,1,2026,33,PD02WK02F27
27,02,8,17/08/2026,23/08/2026,03,1,2026,34,PD02WK03F27
27,02,9,24/08/2026,30/08/2026,04,1,2026,35,PD02WK04F27
27,03,10,31/08/2026,06/09/2026,01,1,2026,36,PD03WK01F27
27,03,11,07/09/2026,13/09/2026,02,1,2026,37,PD03WK02F27
27,03,12,14/09/2026,20/09/2026,03,1,2026,38,PD03WK03F27
27,03,13,21/09/2026,27/09/2026,04,1,2026,39,PD03WK04F27
27,04,14,28/09/2026,04/10/2026,01,2,2026,40,PD04WK01F27
27,04,15,05/10/2026,11/10/2026,02,2,2026,41,PD04WK02F27
27,04,16,12/10/2026,18/10/2026,03,2,2026,42,PD04WK03F27
27,04,17,19/10/2026,25/10/2026,04,2,2026,43,PD04WK04F27
27,04,18,26/10/2026,01/11/2026,05,2,2026,44,PD04WK05F27
27,05,19,02/11/2026,08/11/2026,01,2,2026,45,PD05WK01F27
27,05,20,09/11/2026,15/11/2026,02,2,2026,46,PD05WK02F27
27,05,21,16/11/2026,22/11/2026,03,2,2026,47,PD05WK03F27
27,05,22,23/11/2026,29/11/2026,04,2,2026,48,PD05WK04F27
27,06,23,30/11/2026,06/12/2026,01,2,2026,49,PD06WK01F27
27,06,24,07/12/2026,13/12/2026,02,2,2026,50,PD06WK02F27
27,06,25,14/12/2026,20/12/2026,03,2,2026,51,PD06WK03F27
27,06,26,21/12/2026,27/12/2026,04,2,2026,52,PD06WK04F27
27,06,27,28/12/2026,03/01/2027,05,2,2026,53,PD06WK05F27
27,07,28,04/01/2027,10/01/2027,01,3,2027,1,PD07WK01F27
27,07,29,11/01/2027,17/01/2027,02,3,2027,2,PD07WK02F27
27,07,30,18/01/2027,24/01/2027,03,3,2027,3,PD07WK03F27
27,07,31,25/01/2027,31/01/2027,04,3,2027,4,PD07WK04F27
27,08,32,01/02/2027,07/02/2027,01,3,2027,5,PD08WK01F27
27,08,33,08/02/2027,14/02/2027,02,3,2027,6,PD08WK02F27
27,08,34,15/02/2027,21/02/2027,03,3,2027,7,PD08WK03F27
27,08,35,22/02/2027,28/02/2027,04,3,2027,8,PD08WK04F27
27,09,36,01/03/2027,07/03/2027,01,3,2027,9,PD09WK01F27
27,09,37,08/03/2027,14/03/2027,02,3,2027,10,PD09WK02F27
27,09,38,15/03/2027,21/03/2027,03,3,2027,11,PD09WK03F27
27,09,39,22/03/2027,28/03/2027,04,3,2027,12,PD09WK04F27
27,10,40,29/03/2027,04/04/2027,01,4,2027,13,PD10WK01F27
27,10,41,05/04/2027,11/04/2027,02,4,2027,14,PD10WK02F27
27,10,42,12/04/2027,18/04/2027,03,4,2027,15,PD10WK03F27
27,10,43,19/04/2027,25/04/2027,04,4,2027,16,PD10WK04F27
27,10,44,26/04/2027,02/05/2027,05,4,2027,17,PD10WK05F27
27,11,45,03/05/2027,09/05/2027,01,4,2027,18,PD11WK01F27
27,11,46,10/05/2027,16/05/2027,02,4,2027,19,PD11WK02F27
27,11,47,17/05/2027,23/05/2027,03,4,2027,20,PD11WK03F27
27,11,48,24/05/2027,30/05/2027,04,4,2027,21,PD11WK04F27
27,12,49,31/05/2027,06/06/2027,01,4,2027,22,PD12WK01F27
27,12,50,07/06/2027,13/06/2027,02,4,2027,23,PD12WK02F27
27,12,51,14/06/2027,20/06/2027,03,4,2027,24,PD12WK03F27
27,12,52,21/06/2027,27/06/2027,04,4,2027,25,PD12WK04F27
28,01,1,28/06/2027,04/07/2027,01,1,2027,26,PD01WK01F28
28,01,2,05/07/2027,11/07/2027,02,1,2027,27,PD01WK02F28
28,01,3,12/07/2027,18/07/2027,03,1,2027,28,PD01WK03F28
28,01,4,19/07/2027,25/07/2027,04,1,2027,29,PD01WK04F28
28,01,5,26/07/2027,01/08/2027,05,1,2027,30,PD01WK05F28
28,02,6,02/08/2027,08/08/2027,01,1,2027,31,PD02WK01F28
28,02,7,09/08/2027,15/08/2027,02,1,2027,32,PD02WK02F28
28,02,8,16/08/2027,22/08/2027,03,1,2027,33,PD02WK03F28
28,02,9,23/08/2027,29/08/2027,04,1,2027,34,PD02WK04F28
28,03,10,30/08/2027,05/09/2027,01,1,2027,35,PD03WK01F28
28,03,11,06/09/2027,12/09/2027,02,1,2027,36,PD03WK02F28
28,03,12,13/09/2027,19/09/2027,03,1,2027,37,PD03WK03F28
28,03,13,20/09/2027,26/09/2027,04,1,2027,38,PD03WK04F28
28,04,14,27/09/2027,03/10/2027,01,2,2027,39,PD04WK01F28
28,04,15,04/10/2027,10/10/2027,02,2,2027,40,PD04WK02F28
28,04,16,11/10/2027,17/10/2027,03,2,2027,41,PD04WK03F28
28,04,17,18/10/2027,24/10/2027,04,2,2027,42,PD04WK04F28
28,04,18,25/10/2027,31/10/2027,05,2,2027,43,PD04WK05F28
28,05,19,01/11/2027,07/11/2027,01,2,2027,44,PD05WK01F28
28,05,20,08/11/2027,14/11/2027,02,2,2027,45,PD05WK02F28
28,05,21,15/11/2027,21/11/2027,03,2,2027,46,PD05WK03F28
28,05,22,22/11/2027,28/11/2027,04,2,2027,47,PD05WK04F28
28,06,23,29/11/2027,05/12/2027,01,2,2027,48,PD06WK01F28
28,06,24,06/12/2027,12/12/2027,02,2,2027,49,PD06WK02F28
28,06,25,13/12/2027,19/12/2027,03,2,2027,50,PD06WK03F28
28,06,26,20/12/2027,26/12/2027,04,2,2027,51,PD06WK04F28
28,06,27,27/12/2027,02/01/2028,05,2,2027,52,PD06WK05F28
28,07,28,03/01/2028,09/01/2028,01,3,2028,2,PD07WK01F28
28,07,29,10/01/2028,16/01/2028,02,3,2028,3,PD07WK02F28
28,07,30,17/01/2028,23/01/2028,03,3,2028,4,PD07WK03F28
28,07,31,24/01/2028,30/01/2028,04,3,2028,5,PD07WK04F28
28,08,32,31/01/2028,06/02/2028,01,3,2028,6,PD08WK01F28
28,08,33,07/02/2028,13/02/2028,02,3,2028,7,PD08WK02F28
28,08,34,14/02/2028,20/02/2028,03,3,2028,8,PD08WK03F28
28,08,35,21/02/2028,27/02/2028,04,3,2028,9,PD08WK04F28
28,09,36,28/02/2028,05/03/2028,01,3,2028,10,PD09WK01F28
28,09,37,06/03/2028,12/03/2028,02,3,2028,11,PD09WK02F28
28,09,38,13/03/2028,19/03/2028,03,3,2028,12,PD09WK03F28
28,09,39,20/03/2028,26/03/2028,04,3,2028,13,PD09WK04F28
28,10,40,27/03/2028,02/04/2028,01,4,2028,14,PD10WK01F28
28,10,41,03/04/2028,09/04/2028,02,4,2028,15,PD10WK02F28
28,10,42,10/04/2028,16/04/2028,03,4,2028,16,PD10WK03F28
28,10,43,17/04/2028,23/04/2028,04,4,2028,17,PD10WK04F28
28,10,44,24/04/2028,30/04/2028,05,4,2028,18,PD10WK05F28
28,11,45,01/05/2028,07/05/2028,01,4,2028,19,PD11WK01F28
28,11,46,08/05/2028,14/05/2028,02,4,2028,20,PD11WK02F28
28,11,47,15/05/2028,21/05/2028,03,4,2028,21,PD11WK03F28
28,11,48,22/05/2028,28/05/2028,04,4,2028,22,PD11WK04F28
28,12,49,29/05/2028,04/06/2028,01,4,2028,23,PD12WK01F28
28,12,50,05/06/2028,11/06/2028,02,4,2028,24,PD12WK02F28
28,12,51,12/06/2028,18/06/2028,03,4,2028,25,PD12WK03F28
28,12,52,19/06/2028,25/06/2028,04,4,2028,26,PD12WK04F28
29,01,1,26/06/2028,02/07/2028,01,1,2028,27,PD01WK01F29
29,01,2,03/07/2028,09/07/2028,02,1,2028,28,PD01WK02F29
29,01,3,10/07/2028,16/07/2028,03,1,2028,29,PD01WK03F29
29,01,4,17/07/2028,23/07/2028,04,1,2028,30,PD01WK04F29
29,01,5,24/07/2028,30/07/2028,05,1,2028,31,PD01WK05F29
29,02,6,31/07/2028,06/08/2028,01,1,2028,32,PD02WK01F29
29,02,7,07/08/2028,13/08/2028,02,1,2028,33,PD02WK02F29
29,02,8,14/08/2028,20/08/2028,03,1,2028,34,PD02WK03F29
29,02,9,21/08/2028,27/08/2028,04,1,2028,35,PD02WK04F29
29,03,10,28/08/2028,03/09/2028,01,1,2028,36,PD03WK01F29
29,03,11,04/09/2028,10/09/2028,02,1,2028,37,PD03WK02F29
29,03,12,11/09/2028,17/09/2028,03,1,2028,38,PD03WK03F29
29,03,13,18/09/2028,24/09/2028,04,1,2028,39,PD03WK04F29
29,04,14,25/09/2028,01/10/2028,01,2,2028,40,PD04WK01F29
29,04,15,02/10/2028,08/10/2028,02,2,2028,41,PD04WK02F29
29,04,16,09/10/2028,15/10/2028,03,2,2028,42,PD04WK03F29
29,04,17,16/10/2028,22/10/2028,04,2,2028,43,PD04WK04F29
29,04,18,23/10/2028,29/10/2028,05,2,2028,44,PD04WK05F29
29,05,19,30/10/2028,05/11/2028,01,2,2028,45,PD05WK01F29
29,05,20,06/11/2028,12/11/2028,02,2,2028,46,PD05WK02F29
29,05,21,13/11/2028,19/11/2028,03,2,2028,47,PD05WK03F29
29,05,22,20/11/2028,26/11/2028,04,2,2028,48,PD05WK04F29
29,06,23,27/11/2028,03/12/2028,01,2,2028,49,PD06WK01F29
29,06,24,04/12/2028,10/12/2028,02,2,2028,50,PD06WK02F29
29,06,25,11/12/2028,17/12/2028,03,2,2028,51,PD06WK03F29
29,06,26,18/12/2028,24/12/2028,04,2,2028,52,PD06WK04F29
29,06,27,25/12/2028,31/12/2028,05,2,2028,53,PD06WK05F29
29,07,28,01/01/2029,07/01/2029,01,3,2029,1,PD07WK01F29
29,07,29,08/01/2029,14/01/2029,02,3,2029,2,PD07WK02F29
29,07,30,15/01/2029,21/01/2029,03,3,2029,3,PD07WK03F29
29,07,31,22/01/2029,28/01/2029,04,3,2029,4,PD07WK04F29
29,08,32,29/01/2029,04/02/2029,01,3,2029,5,PD08WK01F29
29,08,33,05/02/2029,11/02/2029,02,3,2029,6,PD08WK02F29
29,08,34,12/02/2029,18/02/2029,03,3,2029,7,PD08WK03F29
29,08,35,19/02/2029,25/02/2029,04,3,2029,8,PD08WK04F29
29,09,36,26/02/2029,04/03/2029,01,3,2029,9,PD09WK01F29
29,09,37,05/03/2029,11/03/2029,02,3,2029,10,PD09WK02F29
29,09,38,12/03/2029,18/03/2029,03,3,2029,11,PD09WK03F29
29,09,39,19/03/2029,25/03/2029,04,3,2029,12,PD09WK04F29
29,10,40,26/03/2029,01/04/2029,01,4,2029,13,PD10WK01F29
29,10,41,02/04/2029,08/04/2029,02,4,2029,14,PD10WK02F29
29,10,42,09/04/2029,15/04/2029,03,4,2029,15,PD10WK03F29
29,10,43,16/04/2029,22/04/2029,04,4,2029,16,PD10WK04F29
29,10,44,23/04/2029,29/04/2029,05,4,2029,17,PD10WK05F29
29,11,45,30/04/2029,06/05/2029,01,4,2029,18,PD11WK01F29
29,11,46,07/05/2029,13/05/2029,02,4,2029,19,PD11WK02F29
29,11,47,14/05/2029,20/05/2029,03,4,2029,20,PD11WK03F29
29,11,48,21/05/2029,27/05/2029,04,4,2029,21,PD11WK04F29
29,12,49,28/05/2029,03/06/2029,01,4,2029,22,PD12WK01F29
29,12,50,04/06/2029,10/06/2029,02,4,2029,23,PD12WK02F29
29,12,51,11/06/2029,17/06/2029,03,4,2029,24,PD12WK03F29
29,12,52,18/06/2029,24/06/2029,04,4,2029,25,PD12WK04F29
30,01,1,25/06/2029,01/07/2029,01,1,2029,26,PD01WK01F30
30,01,2,02/07/2029,08/07/2029,02,1,2029,27,PD01WK02F30
30,01,3,09/07/2029,15/07/2029,03,1,2029,28,PD01WK03F30
30,01,4,16/07/2029,22/07/2029,04,1,2029,29,PD01WK04F30
30,01,5,23/07/2029,29/07/2029,05,1,2029,30,PD01WK05F30
30,02,6,30/07/2029,05/08/2029,01,1,2029,31,PD02WK01F30
30,02,7,06/08/2029,12/08/2029,02,1,2029,32,PD02WK02F30
30,02,8,13/08/2029,19/08/2029,03,1,2029,33,PD02WK03F30
30,02,9,20/08/2029,26/08/2029,04,1,2029,34,PD02WK04F30
30,03,10,27/08/2029,02/09/2029,01,1,2029,35,PD03WK01F30
30,03,11,03/09/2029,09/09/2029,02,1,2029,36,PD03WK02F30
30,03,12,10/09/2029,16/09/2029,03,1,2029,37,PD03WK03F30
30,03,13,17/09/2029,23/09/2029,04,1,2029,38,PD03WK04F30
30,04,14,24/09/2029,30/09/2029,01,2,2029,39,PD04WK01F30
30,04,15,01/10/2029,07/10/2029,02,2,2029,40,PD04WK02F30
30,04,16,08/10/2029,14/10/2029,03,2,2029,41,PD04WK03F30
30,04,17,15/10/2029,21/10/2029,04,2,2029,42,PD04WK04F30
30,04,18,22/10/2029,28/10/2029,05,2,2029,43,PD04WK05F30
30,05,19,29/10/2029,04/11/2029,01,2,2029,44,PD05WK01F30
30,05,20,05/11/2029,11/11/2029,02,2,2029,45,PD05WK02F30
30,05,21,12/11/2029,18/11/2029,03,2,2029,46,PD05WK03F30
30,05,22,19/11/2029,25/11/2029,04,2,2029,47,PD05WK04F30
30,06,23,26/11/2029,02/12/2029,01,2,2029,48,PD06WK01F30
30,06,24,03/12/2029,09/12/2029,02,2,2029,49,PD06WK02F30
30,06,25,10/12/2029,16/12/2029,03,2,2029,50,PD06WK03F30
30,06,26,17/12/2029,23/12/2029,04,2,2029,51,PD06WK04F30
30,06,27,24/12/2029,30/12/2029,05,2,2029,52,PD06WK05F30
30,07,28,31/12/2029,06/01/2030,01,3,2030,1,PD07WK01F30
30,07,29,07/01/2030,13/01/2030,02,3,2030,2,PD07WK02F30
30,07,30,14/01/2030,20/01/2030,03,3,2030,3,PD07WK03F30
30,07,31,21/01/2030,27/01/2030,04,3,2030,4,PD07WK04F30
30,08,32,28/01/2030,03/02/2030,01,3,2030,5,PD08WK01F30
30,08,33,04/02/2030,10/02/2030,02,3,2030,6,PD08WK02F30
30,08,34,11/02/2030,17/02/2030,03,3,2030,7,PD08WK03F30
30,08,35,18/02/2030,24/02/2030,04,3,2030,8,PD08WK04F30
30,09,36,25/02/2030,03/03/2030,01,3,2030,9,PD09WK01F30
30,09,37,04/03/2030,10/03/2030,02,3,2030,10,PD09WK02F30
30,09,38,11/03/2030,17/03/2030,03,3,2030,11,PD09WK03F30
30,09,39,18/03/2030,24/03/2030,04,3,2030,12,PD09WK04F30
30,10,40,25/03/2030,31/03/2030,01,4,2030,13,PD10WK01F30
30,10,41,01/04/2030,07/04/2030,02,4,2030,14,PD10WK02F30
30,10,42,08/04/2030,14/04/2030,03,4,2030,15,PD10WK03F30
30,10,43,15/04/2030,21/04/2030,04,4,2030,16,PD10WK04F30
30,10,44,22/04/2030,28/04/2030,05,4,2030,17,PD10WK05F30
30,11,45,29/04/2030,05/05/2030,01,4,2030,18,PD11WK01F30
30,11,46,06/05/2030,12/05/2030,02,4,2030,19,PD11WK02F30
30,11,47,13/05/2030,19/05/2030,03,4,2030,20,PD11WK03F30
30,11,48,20/05/2030,26/05/2030,04,4,2030,21,PD11WK04F30
30,12,49,27/05/2030,02/06/2030,01,4,2030,22,PD12WK01F30
30,12,50,03/06/2030,09/06/2030,02,4,2030,23,PD12WK02F30
30,12,51,10/06/2030,16/06/2030,03,4,2030,24,PD12WK03F30
30,12,52,17/06/2030,23/06/2030,04,4,2030,25,PD12WK04F30
30,12,53,24/06/2030,30/06/2030,05,4,2030,26,PD12WK05F30
31,01,1,01/07/2030,07/07/2030,01,1,2030,27,PD01WK01F31
31,01,2,08/07/2030,14/07/2030,02,1,2030,28,PD01WK02F31
31,01,3,15/07/2030,21/07/2030,03,1,2030,29,PD01WK03F31
31,01,4,22/07/2030,28/07/2030,04,1,2030,30,PD01WK04F31
31,01,5,29/07/2030,04/08/2030,05,1,2030,31,PD01WK05F31
31,02,6,05/08/2030,11/08/2030,01,1,2030,32,PD02WK01F31
31,02,7,12/08/2030,18/08/2030,02,1,2030,33,PD02WK02F31
31,02,8,19/08/2030,25/08/2030,03,1,2030,34,PD02WK03F31
31,02,9,26/08/2030,01/09/2030,04,1,2030,35,PD02WK04F31
31,03,10,02/09/2030,08/09/2030,01,1,2030,36,PD03WK01F31
31,03,11,09/09/2030,15/09/2030,02,1,2030,37,PD03WK02F31
31,03,12,16/09/2030,22/09/2030,03,1,2030,38,PD03WK03F31
31,03,13,23/09/2030,29/09/2030,04,1,2030,39,PD03WK04F31
31,04,14,30/09/2030,06/10/2030,01,2,2030,40,PD04WK01F31
31,04,15,07/10/2030,13/10/2030,02,2,2030,41,PD04WK02F31
31,04,16,14/10/2030,20/10/2030,03,2,2030,42,PD04WK03F31
31,04,17,21/10/2030,27/10/2030,04,2,2030,43,PD04WK04F31
31,04,18,28/10/2030,03/11/2030,05,2,2030,44,PD04WK05F31
31,05,19,04/11/2030,10/11/2030,01,2,2030,45,PD05WK01F31
31,05,20,11/11/2030,17/11/2030,02,2,2030,46,PD05WK02F31
31,05,21,18/11/2030,24/11/2030,03,2,2030,47,PD05WK03F31
31,05,22,25/11/2030,01/12/2030,04,2,2030,48,PD05WK04F31
31,06,23,02/12/2030,08/12/2030,01,2,2030,49,PD06WK01F31
31,06,24,09/12/2030,15/12/2030,02,2,2030,50,PD06WK02F31
31,06,25,16/12/2030,22/12/2030,03,2,2030,51,PD06WK03F31
31,06,26,23/12/2030,29/12/2030,04,2,2030,52,PD06WK04F31
31,06,27,30/12/2030,05/01/2031,05,2,2031,1,PD06WK05F31
31,07,28,06/01/2031,12/01/2031,01,3,2031,2,PD07WK01F31
31,07,29,13/01/2031,19/01/2031,02,3,2031,3,PD07WK02F31
31,07,30,20/01/2031,26/01/2031,03,3,2031,4,PD07WK03F31
31,07,31,27/01/2031,02/02/2031,04,3,2031,5,PD07WK04F31
31,08,32,03/02/2031,09/02/2031,01,3,2031,6,PD08WK01F31
31,08,33,10/02/2031,16/02/2031,02,3,2031,7,PD08WK02F31
31,08,34,17/02/2031,23/02/2031,03,3,2031,8,PD08WK03F31
31,08,35,24/02/2031,02/03/2031,04,3,2031,9,PD08WK04F31
31,09,36,03/03/2031,09/03/2031,01,3,2031,10,PD09WK01F31
31,09,37,10/03/2031,16/03/2031,02,3,2031,11,PD09WK02F31
31,09,38,17/03/2031,23/03/2031,03,3,2031,12,PD09WK03F31
31,09,39,24/03/2031,30/03/2031,04,3,2031,13,PD09WK04F31
31,10,40,31/03/2031,06/04/2031,01,4,2031,14,PD10WK01F31
31,10,41,07/04/2031,13/04/2031,02,4,2031,15,PD10WK02F31
31,10,42,14/04/2031,20/04/2031,03,4,2031,16,PD10WK03F31
31,10,43,21/04/2031,27/04/2031,04,4,2031,17,PD10WK04F31
31,10,44,28/04/2031,04/05/2031,05,4,2031,18,PD10WK05F31
31,11,45,05/05/2031,11/05/2031,01,4,2031,19,PD11WK01F31
31,11,46,12/05/2031,18/05/2031,02,4,2031,20,PD11WK02F31
31,11,47,19/05/2031,25/05/2031,03,4,2031,21,PD11WK03F31
31,11,48,26/05/2031,01/06/2031,04,4,2031,22,PD11WK04F31
31,12,49,02/06/2031,08/06/2031,01,4,2031,23,PD12WK01F31
31,12,50,09/06/2031,15/06/2031,02,4,2031,24,PD12WK02F31
31,12,51,16/06/2031,22/06/2031,03,4,2031,25,PD12WK03F31
31,12,52,23/06/2031,29/06/2031,04,4,2031,26,PD12WK04F31
32,01,1,30/06/2031,06/07/2031,01,1,2031,27,PD01WK01F32
32,01,2,07/07/2031,13/07/2031,02,1,2031,28,PD01WK02F32
32,01,3,14/07/2031,20/07/2031,03,1,2031,29,PD01WK03F32
32,01,4,21/07/2031,27/07/2031,04,1,2031,30,PD01WK04F32
32,01,5,28/07/2031,03/08/2031,05,1,2031,31,PD01WK05F32
32,02,6,04/08/2031,10/08/2031,01,1,2031,32,PD02WK01F32
32,02,7,11/08/2031,17/08/2031,02,1,2031,33,PD02WK02F32
32,02,8,18/08/2031,24/08/2031,03,1,2031,34,PD02WK03F32
32,02,9,25/08/2031,31/08/2031,04,1,2031,35,PD02WK04F32
32,03,10,01/09/2031,07/09/2031,01,1,2031,36,PD03WK01F32
32,03,11,08/09/2031,14/09/2031,02,1,2031,37,PD03WK02F32
32,03,12,15/09/2031,21/09/2031,03,1,2031,38,PD03WK03F32
32,03,13,22/09/2031,28/09/2031,04,1,2031,39,PD03WK04F32
32,04,14,29/09/2031,05/10/2031,01,2,2031,40,PD04WK01F32
32,04,15,06/10/2031,12/10/2031,02,2,2031,41,PD04WK02F32
32,04,16,13/10/2031,19/10/2031,03,2,2031,42,PD04WK03F32
32,04,17,20/10/2031,26/10/2031,04,2,2031,43,PD04WK04F32
32,04,18,27/10/2031,02/11/2031,05,2,2031,44,PD04WK05F32
32,05,19,03/11/2031,09/11/2031,01,2,2031,45,PD05WK01F32
32,05,20,10/11/2031,16/11/2031,02,2,2031,46,PD05WK02F32
32,05,21,17/11/2031,23/11/2031,03,2,2031,47,PD05WK03F32
32,05,22,24/11/2031,30/11/2031,04,2,2031,48,PD05WK04F32
32,06,23,01/12/2031,07/12/2031,01,2,2031,49,PD06WK01F32
32,06,24,08/12/2031,14/12/2031,02,2,2031,50,PD06WK02F32
32,06,25,15/12/2031,21/12/2031,03,2,2031,51,PD06WK03F32
32,06,26,22/12/2031,28/12/2031,04,2,2031,52,PD06WK04F32
32,06,27,29/12/2031,04/01/2032,05,2,2032,1,PD06WK05F32
32,07,28,05/01/2032,11/01/2032,01,3,2032,2,PD07WK01F32
32,07,29,12/01/2032,18/01/2032,02,3,2032,3,PD07WK02F32
32,07,30,19/01/2032,25/01/2032,03,3,2032,4,PD07WK03F32
32,07,31,26/01/2032,01/02/2032,04,3,2032,5,PD07WK04F32
32,08,32,02/02/2032,08/02/2032,01,3,2032,6,PD08WK01F32
32,08,33,09/02/2032,15/02/2032,02,3,2032,7,PD08WK02F32
32,08,34,16/02/2032,22/02/2032,03,3,2032,8,PD08WK03F32
32,08,35,23/02/2032,29/02/2032,04,3,2032,9,PD08WK04F32
32,09,36,01/03/2032,07/03/2032,01,3,2032,10,PD09WK01F32
32,09,37,08/03/2032,14/03/2032,02,3,2032,11,PD09WK02F32
32,09,38,15/03/2032,21/03/2032,03,3,2032,12,PD09WK03F32
32,09,39,22/03/2032,28/03/2032,04,3,2032,13,PD09WK04F32
32,10,40,29/03/2032,04/04/2032,01,4,2032,14,PD10WK01F32
32,10,41,05/04/2032,11/04/2032,02,4,2032,15,PD10WK02F32
32,10,42,12/04/2032,18/04/2032,03,4,2032,16,PD10WK03F32
32,10,43,19/04/2032,25/04/2032,04,4,2032,17,PD10WK04F32
32,10,44,26/04/2032,02/05/2032,05,4,2032,18,PD10WK05F32
32,11,45,03/05/2032,09/05/2032,01,4,2032,19,PD11WK01F32
32,11,46,10/05/2032,16/05/2032,02,4,2032,20,PD11WK02F32
32,11,47,17/05/2032,23/05/2032,03,4,2032,21,PD11WK03F32
32,11,48,24/05/2032,30/05/2032,04,4,2032,22,PD11WK04F32
32,12,49,31/05/2032,06/06/2032,01,4,2032,23,PD12WK01F32
32,12,50,07/06/2032,13/06/2032,02,4,2032,24,PD12WK02F32
32,12,51,14/06/2032,20/06/2032,03,4,2032,25,PD12WK03F32
32,12,52,21/06/2032,27/06/2032,04,4,2032,26,PD12WK04F32
33,01,1,28/06/2032,04/07/2032,01,1,2032,27,PD01WK01F33
33,01,2,05/07/2032,11/07/2032,02,1,2032,28,PD01WK02F33
33,01,3,12/07/2032,18/07/2032,03,1,2032,29,PD01WK03F33
33,01,4,19/07/2032,25/07/2032,04,1,2032,30,PD01WK04F33
33,01,5,26/07/2032,01/08/2032,05,1,2032,31,PD01WK05F33
33,02,6,02/08/2032,08/08/2032,01,1,2032,32,PD02WK01F33
33,02,7,09/08/2032,15/08/2032,02,1,2032,33,PD02WK02F33
33,02,8,16/08/2032,22/08/2032,03,1,2032,34,PD02WK03F33
33,02,9,23/08/2032,29/08/2032,04,1,2032,35,PD02WK04F33
33,03,10,30/08/2032,05/09/2032,01,1,2032,36,PD03WK01F33
33,03,11,06/09/2032,12/09/2032,02,1,2032,37,PD03WK02F33
33,03,12,13/09/2032,19/09/2032,03,1,2032,38,PD03WK03F33
33,03,13,20/09/2032,26/09/2032,04,1,2032,39,PD03WK04F33
33,04,14,27/09/2032,03/10/2032,01,2,2032,40,PD04WK01F33
33,04,15,04/10/2032,10/10/2032,02,2,2032,41,PD04WK02F33
33,04,16,11/10/2032,17/10/2032,03,2,2032,42,PD04WK03F33
33,04,17,18/10/2032,24/10/2032,04,2,2032,43,PD04WK04F33
33,04,18,25/10/2032,31/10/2032,05,2,2032,44,PD04WK05F33
33,05,19,01/11/2032,07/11/2032,01,2,2032,45,PD05WK01F33
33,05,20,08/11/2032,14/11/2032,02,2,2032,46,PD05WK02F33
33,05,21,15/11/2032,21/11/2032,03,2,2032,47,PD05WK03F33
33,05,22,22/11/2032,28/11/2032,04,2,2032,48,PD05WK04F33
33,06,23,29/11/2032,05/12/2032,01,2,2032,49,PD06WK01F33
33,06,24,06/12/2032,12/12/2032,02,2,2032,50,PD06WK02F33
33,06,25,13/12/2032,19/12/2032,03,2,2032,51,PD06WK03F33
33,06,26,20/12/2032,26/12/2032,04,2,2032,52,PD06WK04F33
33,06,27,27/12/2032,02/01/2033,05,2,2033,1,PD06WK05F33
33,07,28,03/01/2033,09/01/2033,01,3,2033,2,PD07WK01F33
33,07,29,10/01/2033,16/01/2033,02,3,2033,3,PD07WK02F33
33,07,30,17/01/2033,23/01/2033,03,3,2033,4,PD07WK03F33
33,07,31,24/01/2033,30/01/2033,04,3,2033,5,PD07WK04F33
33,08,32,31/01/2033,06/02/2033,01,3,2033,6,PD08WK01F33
33,08,33,07/02/2033,13/02/2033,02,3,2033,7,PD08WK02F33
33,08,34,14/02/2033,20/02/2033,03,3,2033,8,PD08WK03F33
33,08,35,21/02/2033,27/02/2033,04,3,2033,9,PD08WK04F33
33,09,36,28/02/2033,06/03/2033,01,3,2033,10,PD09WK01F33
33,09,37,07/03/2033,13/03/2033,02,3,2033,11,PD09WK02F33
33,09,38,14/03/2033,20/03/2033,03,3,2033,12,PD09WK03F33
33,09,39,21/03/2033,27/03/2033,04,3,2033,13,PD09WK04F33
33,10,40,28/03/2033,03/04/2033,01,4,2033,14,PD10WK01F33
33,10,41,04/04/2033,10/04/2033,02,4,2033,15,PD10WK02F33
33,10,42,11/04/2033,17/04/2033,03,4,2033,16,PD10WK03F33
33,10,43,18/04/2033,24/04/2033,04,4,2033,17,PD10WK04F33
33,10,44,25/04/2033,01/05/2033,05,4,2033,18,PD10WK05F33
33,11,45,02/05/2033,08/05/2033,01,4,2033,19,PD11WK01F33
33,11,46,09/05/2033,15/05/2033,02,4,2033,20,PD11WK02F33
33,11,47,16/05/2033,22/05/2033,03,4,2033,21,PD11WK03F33
33,11,48,23/05/2033,29/05/2033,04,4,2033,22,PD11WK04F33
33,12,49,30/05/2033,05/06/2033,01,4,2033,23,PD12WK01F33
33,12,50,06/06/2033,12/06/2033,02,4,2033,24,PD12WK02F33
33,12,51,13/06/2033,19/06/2033,03,4,2033,25,PD12WK03F33
33,12,52,20/06/2033,26/06/2033,04,4,2033,26,PD12WK04F33
34,01,1,27/06/2033,03/07/2033,01,1,2033,27,PD01WK01F34
34,01,2,04/07/2033,10/07/2033,02,1,2033,28,PD01WK02F34
34,01,3,11/07/2033,17/07/2033,03,1,2033,29,PD01WK03F34
34,01,4,18/07/2033,24/07/2033,04,1,2033,30,PD01WK04F34
34,01,5,25/07/2033,31/07/2033,05,1,2033,31,PD01WK05F34
34,02,6,01/08/2033,07/08/2033,01,1,2033,32,PD02WK01F34
34,02,7,08/08/2033,14/08/2033,02,1,2033,33,PD02WK02F34
34,02,8,15/08/2033,21/08/2033,03,1,2033,34,PD02WK03F34
34,02,9,22/08/2033,28/08/2033,04,1,2033,35,PD02WK04F34
34,03,10,29/08/2033,04/09/2033,01,1,2033,36,PD03WK01F34
34,03,11,05/09/2033,11/09/2033,02,1,2033,37,PD03WK02F34
34,03,12,12/09/2033,18/09/2033,03,1,2033,38,PD03WK03F34
34,03,13,19/09/2033,25/09/2033,04,1,2033,39,PD03WK04F34
34,04,14,26/09/2033,02/10/2033,01,2,2033,40,PD04WK01F34
34,04,15,03/10/2033,09/10/2033,02,2,2033,41,PD04WK02F34
34,04,16,10/10/2033,16/10/2033,03,2,2033,42,PD04WK03F34
34,04,17,17/10/2033,23/10/2033,04,2,2033,43,PD04WK04F34
34,04,18,24/10/2033,30/10/2033,05,2,2033,44,PD04WK05F34
34,05,19,31/10/2033,06/11/2033,01,2,2033,45,PD05WK01F34
34,05,20,07/11/2033,13/11/2033,02,2,2033,46,PD05WK02F34
34,05,21,14/11/2033,20/11/2033,03,2,2033,47,PD05WK03F34
34,05,22,21/11/2033,27/11/2033,04,2,2033,48,PD05WK04F34
34,06,23,28/11/2033,04/12/2033,01,2,2033,49,PD06WK01F34
34,06,24,05/12/2033,11/12/2033,02,2,2033,50,PD06WK02F34
34,06,25,12/12/2033,18/12/2033,03,2,2033,51,PD06WK03F34
34,06,26,19/12/2033,25/12/2033,04,2,2033,52,PD06WK04F34
34,06,27,26/12/2033,01/01/2034,05,2,2034,1,PD06WK05F34
34,07,28,02/01/2034,08/01/2034,01,3,2034,2,PD07WK01F34
34,07,29,09/01/2034,15/01/2034,02,3,2034,3,PD07WK02F34
34,07,30,16/01/2034,22/01/2034,03,3,2034,4,PD07WK03F34
34,07,31,23/01/2034,29/01/2034,04,3,2034,5,PD07WK04F34
34,08,32,30/01/2034,05/02/2034,01,3,2034,6,PD08WK01F34
34,08,33,06/02/2034,12/02/2034,02,3,2034,7,PD08WK02F34
34,08,34,13/02/2034,19/02/2034,03,3,2034,8,PD08WK03F34
34,08,35,20/02/2034,26/02/2034,04,3,2034,9,PD08WK04F34
34,09,36,27/02/2034,05/03/2034,01,3,2034,10,PD09WK01F34
34,09,37,06/03/2034,12/03/2034,02,3,2034,11,PD09WK02F34
34,09,38,13/03/2034,19/03/2034,03,3,2034,12,PD09WK03F34
34,09,39,20/03/2034,26/03/2034,04,3,2034,13,PD09WK04F34
34,10,40,27/03/2034,02/04/2034,01,4,2034,14,PD10WK01F34
34,10,41,03/04/2034,09/04/2034,02,4,2034,15,PD10WK02F34
34,10,42,10/04/2034,16/04/2034,03,4,2034,16,PD10WK03F34
34,10,43,17/04/2034,23/04/2034,04,4,2034,17,PD10WK04F34
34,10,44,24/04/2034,30/04/2034,05,4,2034,18,PD10WK05F34
34,11,45,01/05/2034,07/05/2034,01,4,2034,19,PD11WK01F34
34,11,46,08/05/2034,14/05/2034,02,4,2034,20,PD11WK02F34
34,11,47,15/05/2034,21/05/2034,03,4,2034,21,PD11WK03F34
34,11,48,22/05/2034,28/05/2034,04,4,2034,22,PD11WK04F34
34,12,49,29/05/2034,04/06/2034,01,4,2034,23,PD12WK01F34
34,12,50,05/06/2034,11/06/2034,02,4,2034,24,PD12WK02F34
34,12,51,12/06/2034,18/06/2034,03,4,2034,25,PD12WK03F34
34,12,52,19/06/2034,25/06/2034,04,4,2034,26,PD12WK04F34
