"M_ACTGYR","M_ACTGQTR","M_ACTGPRD","M_ACTGWK","M_ACTGWK_RLTV","D_END_ACTGWK","M_GRGYR","M_GRGWK","C_USR_UPDT","TS_UPDT"
2015,1,1,1,1,2014-07-06,2014,27,U519LGW ,2008-06-24 18:47:42
2015,1,1,2,2,2014-07-13,2014,28,U519LGW ,2008-06-24 18:47:42
2015,1,1,3,3,2014-07-20,2014,29,U519LGW ,2008-06-24 18:47:42
2015,1,1,4,4,2014-07-27,2014,30,U519LGW ,2008-06-24 18:47:42
2015,1,1,5,5,2014-08-03,2014,31,U519LGW ,2008-06-24 18:47:42
2015,1,2,6,1,2014-08-10,2014,32,U519LGW ,2008-06-24 18:47:42
2015,1,2,7,2,2014-08-17,2014,33,U519LGW ,2008-06-24 18:47:42
2015,1,2,8,3,2014-08-24,2014,34,U519LGW ,2008-06-24 18:47:42
2015,1,2,9,4,2014-08-31,2014,35,U519LGW ,2008-06-24 18:47:42
2015,1,3,10,1,2014-09-07,2014,36,U519LGW ,2008-06-24 18:47:42
2015,1,3,11,2,2014-09-14,2014,37,U519LGW ,2008-06-24 18:47:42
2015,1,3,12,3,2014-09-21,2014,38,U519LGW ,2008-06-24 18:47:42
2015,1,3,13,4,2014-09-28,2014,39,U519LGW ,2008-06-24 18:47:42
2015,2,4,14,1,2014-10-05,2014,40,U519LGW ,2008-06-24 18:47:42
2015,2,4,15,2,2014-10-12,2014,41,U519LGW ,2008-06-24 18:47:42
2015,2,4,16,3,2014-10-19,2014,42,U519LGW ,2008-06-24 18:47:42
2015,2,4,17,4,2014-10-26,2014,43,U519LGW ,2008-06-24 18:47:42
2015,2,4,18,5,2014-11-02,2014,44,U519LGW ,2008-06-24 18:47:42
2015,2,5,19,1,2014-11-09,2014,45,U519LGW ,2008-06-24 18:47:42
2015,2,5,20,2,2014-11-16,2014,46,U519LGW ,2008-06-24 18:47:42
2015,2,5,21,3,2014-11-23,2014,47,U519LGW ,2008-06-24 18:47:42
2015,2,5,22,4,2014-11-30,2014,48,U519LGW ,2008-06-24 18:47:42
2015,2,6,23,1,2014-12-07,2014,49,U519LGW ,2008-06-24 18:47:42
2015,2,6,24,2,2014-12-14,2014,50,U519LGW ,2008-06-24 18:47:42
2015,2,6,25,3,2014-12-21,2014,51,U519LGW ,2008-06-24 18:47:42
2015,2,6,26,4,2014-12-28,2014,52,U519LGW ,2008-06-24 18:47:42
2015,2,6,27,5,2015-01-04,2015,1,U519LGW ,2008-06-24 18:47:42
2015,3,7,28,1,2015-01-11,2015,2,U519LGW ,2008-06-24 18:47:42
2015,3,7,29,2,2015-01-18,2015,3,U519LGW ,2008-06-24 18:47:42
2015,3,7,30,3,2015-01-25,2015,4,U519LGW ,2008-06-24 18:47:42
2015,3,7,31,4,2015-02-01,2015,5,U519LGW ,2008-06-24 18:47:42
2015,3,8,32,1,2015-02-08,2015,6,U519LGW ,2008-06-24 18:47:42
2015,3,8,33,2,2015-02-15,2015,7,U519LGW ,2008-06-24 18:47:42
2015,3,8,34,3,2015-02-22,2015,8,U519LGW ,2008-06-24 18:47:42
2015,3,8,35,4,2015-03-01,2015,9,U519LGW ,2008-06-24 18:47:42
2015,3,9,36,1,2015-03-08,2015,10,U519LGW ,2008-06-24 18:47:42
2015,3,9,37,2,2015-03-15,2015,11,U519LGW ,2008-06-24 18:47:42
2015,3,9,38,3,2015-03-22,2015,12,U519LGW ,2008-06-24 18:47:42
2015,3,9,39,4,2015-03-29,2015,13,U519LGW ,2008-06-24 18:47:42
2015,4,10,40,1,2015-04-05,2015,14,U519LGW ,2008-06-24 18:47:42
2015,4,10,41,2,2015-04-12,2015,15,U519LGW ,2008-06-24 18:47:42
2015,4,10,42,3,2015-04-19,2015,16,U519LGW ,2008-06-24 18:47:42
2015,4,10,43,4,2015-04-26,2015,17,U519LGW ,2008-06-24 18:47:42
2015,4,10,44,5,2015-05-03,2015,18,U519LGW ,2008-06-24 18:47:42
2015,4,11,45,1,2015-05-10,2015,19,U519LGW ,2008-06-24 18:47:42
2015,4,11,46,2,2015-05-17,2015,20,U519LGW ,2008-06-24 18:47:42
2015,4,11,47,3,2015-05-24,2015,21,U519LGW ,2008-06-24 18:47:42
2015,4,11,48,4,2015-05-31,2015,22,U519LGW ,2008-06-24 18:47:42
2015,4,12,49,1,2015-06-07,2015,23,U519LGW ,2008-06-24 18:47:42
2015,4,12,50,2,2015-06-14,2015,24,U519LGW ,2008-06-24 18:47:42
2015,4,12,51,3,2015-06-21,2015,25,U519LGW ,2008-06-24 18:47:42
2015,4,12,52,4,2015-06-28,2015,26,U519LGW ,2008-06-24 18:47:42
2016,1,1,1,1,2015-07-05,2015,27,U519LGW ,2008-06-24 18:47:51
2016,1,1,2,2,2015-07-12,2015,28,U519LGW ,2008-06-24 18:47:51
2016,1,1,3,3,2015-07-19,2015,29,U519LGW ,2008-06-24 18:47:51
2016,1,1,4,4,2015-07-26,2015,30,U519LGW ,2008-06-24 18:47:51
2016,1,1,5,5,2015-08-02,2015,31,U519LGW ,2008-06-24 18:47:51
2016,1,2,6,1,2015-08-09,2015,32,U519LGW ,2008-06-24 18:47:51
2016,1,2,7,2,2015-08-16,2015,33,U519LGW ,2008-06-24 18:47:51
2016,1,2,8,3,2015-08-23,2015,34,U519LGW ,2008-06-24 18:47:51
2016,1,2,9,4,2015-08-30,2015,35,U519LGW ,2008-06-24 18:47:51
2016,1,3,10,1,2015-09-06,2015,36,U519LGW ,2008-06-24 18:47:51
2016,1,3,11,2,2015-09-13,2015,37,U519LGW ,2008-06-24 18:47:51
2016,1,3,12,3,2015-09-20,2015,38,U519LGW ,2008-06-24 18:47:51
2016,1,3,13,4,2015-09-27,2015,39,U519LGW ,2008-06-24 18:47:51
2016,2,4,14,1,2015-10-04,2015,40,U519LGW ,2008-06-24 18:47:51
2016,2,4,15,2,2015-10-11,2015,41,U519LGW ,2008-06-24 18:47:51
2016,2,4,16,3,2015-10-18,2015,42,U519LGW ,2008-06-24 18:47:51
2016,2,4,17,4,2015-10-25,2015,43,U519LGW ,2008-06-24 18:47:51
2016,2,4,18,5,2015-11-01,2015,44,U519LGW ,2008-06-24 18:47:51
2016,2,5,19,1,2015-11-08,2015,45,U519LGW ,2008-06-24 18:47:51
2016,2,5,20,2,2015-11-15,2015,46,U519LGW ,2008-06-24 18:47:51
2016,2,5,21,3,2015-11-22,2015,47,U519LGW ,2008-06-24 18:47:51
2016,2,5,22,4,2015-11-29,2015,48,U519LGW ,2008-06-24 18:47:51
2016,2,6,23,1,2015-12-06,2015,49,U519LGW ,2008-06-24 18:47:51
2016,2,6,24,2,2015-12-13,2015,50,U519LGW ,2008-06-24 18:47:51
2016,2,6,25,3,2015-12-20,2015,51,U519LGW ,2008-06-24 18:47:51
2016,2,6,26,4,2015-12-27,2015,52,U519LGW ,2008-06-24 18:47:51
2016,2,6,27,5,2016-01-03,2016,1,U519LGW ,2008-06-24 18:47:51
2016,3,7,28,1,2016-01-10,2016,2,U519LGW ,2008-06-24 18:47:51
2016,3,7,29,2,2016-01-17,2016,3,U519LGW ,2008-06-24 18:47:51
2016,3,7,30,3,2016-01-24,2016,4,U519LGW ,2008-06-24 18:47:51
2016,3,7,31,4,2016-01-31,2016,5,U519LGW ,2008-06-24 18:47:51
2016,3,8,32,1,2016-02-07,2016,6,U519LGW ,2008-06-24 18:47:51
2016,3,8,33,2,2016-02-14,2016,7,U519LGW ,2008-06-24 18:47:51
2016,3,8,34,3,2016-02-21,2016,8,U519LGW ,2008-06-24 18:47:51
2016,3,8,35,4,2016-02-28,2016,9,U519LGW ,2008-06-24 18:47:51
2016,3,9,36,1,2016-03-06,2016,10,U519LGW ,2008-06-24 18:47:51
2016,3,9,37,2,2016-03-13,2016,11,U519LGW ,2008-06-24 18:47:51
2016,3,9,38,3,2016-03-20,2016,12,U519LGW ,2008-06-24 18:47:51
2016,3,9,39,4,2016-03-27,2016,13,U519LGW ,2008-06-24 18:47:51
2016,4,10,40,1,2016-04-03,2016,14,U519LGW ,2008-06-24 18:47:51
2016,4,10,41,2,2016-04-10,2016,15,U519LGW ,2008-06-24 18:47:51
2016,4,10,42,3,2016-04-17,2016,16,U519LGW ,2008-06-24 18:47:51
2016,4,10,43,4,2016-04-24,2016,17,U519LGW ,2008-06-24 18:47:51
2016,4,10,44,5,2016-05-01,2016,18,U519LGW ,2008-06-24 18:47:51
2016,4,11,45,1,2016-05-08,2016,19,U519LGW ,2008-06-24 18:47:51
2016,4,11,46,2,2016-05-15,2016,20,U519LGW ,2008-06-24 18:47:51
2016,4,11,47,3,2016-05-22,2016,21,U519LGW ,2008-06-24 18:47:51
2016,4,11,48,4,2016-05-29,2016,22,U519LGW ,2008-06-24 18:47:51
2016,4,12,49,1,2016-06-05,2016,23,U519LGW ,2008-06-24 18:47:51
2016,4,12,50,2,2016-06-12,2016,24,U519LGW ,2008-06-24 18:47:51
2016,4,12,51,3,2016-06-19,2016,25,U519LGW ,2008-06-24 18:47:51
2016,4,12,52,4,2016-06-26,2016,26,U519LGW ,2008-06-24 18:47:51
2017,1,1,1,1,2016-07-03,2016,27,U519LGW ,2008-06-24 18:48:02
2017,1,1,2,2,2016-07-10,2016,28,U519LGW ,2008-06-24 18:48:02
2017,1,1,3,3,2016-07-17,2016,29,U519LGW ,2008-06-24 18:48:02
2017,1,1,4,4,2016-07-24,2016,30,U519LGW ,2008-06-24 18:48:02
2017,1,1,5,5,2016-07-31,2016,31,U519LGW ,2008-06-24 18:48:02
2017,1,2,6,1,2016-08-07,2016,32,U519LGW ,2008-06-24 18:48:02
2017,1,2,7,2,2016-08-14,2016,33,U519LGW ,2008-06-24 18:48:02
2017,1,2,8,3,2016-08-21,2016,34,U519LGW ,2008-06-24 18:48:02
2017,1,2,9,4,2016-08-28,2016,35,U519LGW ,2008-06-24 18:48:02
2017,1,3,10,1,2016-09-04,2016,36,U519LGW ,2008-06-24 18:48:02
2017,1,3,11,2,2016-09-11,2016,37,U519LGW ,2008-06-24 18:48:02
2017,1,3,12,3,2016-09-18,2016,38,U519LGW ,2008-06-24 18:48:02
2017,1,3,13,4,2016-09-25,2016,39,U519LGW ,2008-06-24 18:48:02
2017,2,4,14,1,2016-10-02,2016,40,U519LGW ,2008-06-24 18:48:02
2017,2,4,15,2,2016-10-09,2016,41,U519LGW ,2008-06-24 18:48:02
2017,2,4,16,3,2016-10-16,2016,42,U519LGW ,2008-06-24 18:48:02
2017,2,4,17,4,2016-10-23,2016,43,U519LGW ,2008-06-24 18:48:02
2017,2,4,18,5,2016-10-30,2016,44,U519LGW ,2008-06-24 18:48:02
2017,2,5,19,1,2016-11-06,2016,45,U519LGW ,2008-06-24 18:48:02
2017,2,5,20,2,2016-11-13,2016,46,U519LGW ,2008-06-24 18:48:02
2017,2,5,21,3,2016-11-20,2016,47,U519LGW ,2008-06-24 18:48:02
2017,2,5,22,4,2016-11-27,2016,48,U519LGW ,2008-06-24 18:48:02
2017,2,6,23,1,2016-12-04,2016,49,U519LGW ,2008-06-24 18:48:02
2017,2,6,24,2,2016-12-11,2016,50,U519LGW ,2008-06-24 18:48:02
2017,2,6,25,3,2016-12-18,2016,51,U519LGW ,2008-06-24 18:48:02
2017,2,6,26,4,2016-12-25,2016,52,U519LGW ,2008-06-24 18:48:02
2017,2,6,27,5,2017-01-01,2017,1,U519LGW ,2008-06-24 18:48:02
2017,3,7,28,1,2017-01-08,2017,1,T24GXW  ,2017-11-18 14:27:30
2017,3,7,29,2,2017-01-15,2017,2,T24GXW  ,2017-11-18 14:27:30
2017,3,7,30,3,2017-01-22,2017,3,T24GXW  ,2017-11-18 14:27:30
2017,3,7,31,4,2017-01-29,2017,4,T24GXW  ,2017-11-18 14:27:30
2017,3,8,32,1,2017-02-05,2017,5,T24GXW  ,2017-11-18 14:27:30
2017,3,8,33,2,2017-02-12,2017,6,T24GXW  ,2017-11-18 14:27:30
2017,3,8,34,3,2017-02-19,2017,7,T24GXW  ,2017-11-18 14:27:30
2017,3,8,35,4,2017-02-26,2017,8,T24GXW  ,2017-11-18 14:27:30
2017,3,9,36,1,2017-03-05,2017,9,T24GXW  ,2017-11-18 14:27:30
2017,3,9,37,2,2017-03-12,2017,10,T24GXW  ,2017-11-18 14:27:30
2017,3,9,38,3,2017-03-19,2017,11,T24GXW  ,2017-11-18 14:27:30
2017,3,9,39,4,2017-03-26,2017,12,T24GXW  ,2017-11-18 14:27:30
2017,4,10,40,1,2017-04-02,2017,13,T24GXW  ,2017-11-18 14:27:30
2017,4,10,41,2,2017-04-09,2017,14,T24GXW  ,2017-11-18 14:27:30
2017,4,10,42,3,2017-04-16,2017,15,T24GXW  ,2017-11-18 14:27:30
2017,4,10,43,4,2017-04-23,2017,16,T24GXW  ,2017-11-18 14:27:30
2017,4,10,44,5,2017-04-30,2017,17,T24GXW  ,2017-11-18 14:27:30
2017,4,11,45,1,2017-05-07,2017,18,T24GXW  ,2017-11-18 14:27:30
2017,4,11,46,2,2017-05-14,2017,19,T24GXW  ,2017-11-18 14:27:30
2017,4,11,47,3,2017-05-21,2017,20,T24GXW  ,2017-11-18 14:27:30
2017,4,11,48,4,2017-05-28,2017,21,T24GXW  ,2017-11-18 14:27:30
2017,4,12,49,1,2017-06-04,2017,22,T24GXW  ,2017-11-18 14:27:30
2017,4,12,50,2,2017-06-11,2017,23,T24GXW  ,2017-11-18 14:27:30
2017,4,12,51,3,2017-06-18,2017,24,T24GXW  ,2017-11-18 14:27:30
2017,4,12,52,4,2017-06-25,2017,25,T24GXW  ,2017-11-18 14:27:30
2018,1,1,1,1,2017-07-02,2017,26,T24GXW  ,2017-11-18 14:27:30
2018,1,1,2,2,2017-07-09,2017,27,T24GXW  ,2017-11-18 14:27:30
2018,1,1,3,3,2017-07-16,2017,28,T24GXW  ,2017-11-18 14:27:30
2018,1,1,4,4,2017-07-23,2017,29,T24GXW  ,2017-11-18 14:27:30
2018,1,1,5,5,2017-07-30,2017,30,T24GXW  ,2017-11-18 14:27:30
2018,1,2,6,1,2017-08-06,2017,31,T24GXW  ,2017-11-18 14:27:30
2018,1,2,7,2,2017-08-13,2017,32,T24GXW  ,2017-11-18 14:27:30
2018,1,2,8,3,2017-08-20,2017,33,T24GXW  ,2017-11-18 14:27:30
2018,1,2,9,4,2017-08-27,2017,34,T24GXW  ,2017-11-18 14:27:30
2018,1,3,10,1,2017-09-03,2017,35,T24GXW  ,2017-11-18 14:27:30
2018,1,3,11,2,2017-09-10,2017,36,T24GXW  ,2017-11-18 14:27:30
2018,1,3,12,3,2017-09-17,2017,37,T24GXW  ,2017-11-18 14:27:30
2018,1,3,13,4,2017-09-24,2017,38,T24GXW  ,2017-11-18 14:27:30
2018,2,4,14,1,2017-10-01,2017,39,T24GXW  ,2017-11-18 14:27:30
2018,2,4,15,2,2017-10-08,2017,40,T24GXW  ,2017-11-18 14:27:30
2018,2,4,16,3,2017-10-15,2017,41,T24GXW  ,2017-11-18 14:27:30
2018,2,4,17,4,2017-10-22,2017,42,T24GXW  ,2017-11-18 14:27:30
2018,2,4,18,5,2017-10-29,2017,43,T24GXW  ,2017-11-18 14:27:30
2018,2,5,19,1,2017-11-05,2017,44,T24GXW  ,2017-11-18 14:27:30
2018,2,5,20,2,2017-11-12,2017,45,T24GXW  ,2017-11-18 14:27:30
2018,2,5,21,3,2017-11-19,2017,46,T24GXW  ,2017-11-18 14:27:30
2018,2,5,22,4,2017-11-26,2017,47,T24GXW  ,2017-11-18 14:27:30
2018,2,6,23,1,2017-12-03,2017,48,T24GXW  ,2017-11-18 14:27:30
2018,2,6,24,2,2017-12-10,2017,49,T24GXW  ,2017-11-18 14:27:30
2018,2,6,25,3,2017-12-17,2017,50,T24GXW  ,2017-11-18 14:27:30
2018,2,6,26,4,2017-12-24,2017,51,T24GXW  ,2017-11-18 14:27:30
2018,2,6,27,5,2017-12-31,2017,52,T24GXW  ,2017-11-18 14:27:30
2018,3,7,28,1,2018-01-07,2018,1,T24GXW  ,2017-11-18 14:27:30
2018,3,7,29,2,2018-01-14,2018,2,T24GXW  ,2017-11-18 14:27:30
2018,3,7,30,3,2018-01-21,2018,3,T24GXW  ,2017-11-18 14:27:30
2018,3,7,31,4,2018-01-28,2018,4,T24GXW  ,2017-11-18 14:27:30
2018,3,8,32,1,2018-02-04,2018,5,T24GXW  ,2017-11-18 14:27:30
2018,3,8,33,2,2018-02-11,2018,6,T24GXW  ,2017-11-18 14:27:30
2018,3,8,34,3,2018-02-18,2018,7,T24GXW  ,2017-11-18 14:27:30
2018,3,8,35,4,2018-02-25,2018,8,T24GXW  ,2017-11-18 14:27:30
2018,3,9,36,1,2018-03-04,2018,9,T24GXW  ,2017-11-18 14:27:30
2018,3,9,37,2,2018-03-11,2018,10,T24GXW  ,2017-11-18 14:27:30
2018,3,9,38,3,2018-03-18,2018,11,T24GXW  ,2017-11-18 14:27:30
2018,3,9,39,4,2018-03-25,2018,12,T24GXW  ,2017-11-18 14:27:30
2018,4,10,40,1,2018-04-01,2018,13,T24GXW  ,2017-11-18 14:27:30
2018,4,10,41,2,2018-04-08,2018,14,T24GXW  ,2017-11-18 14:27:30
2018,4,10,42,3,2018-04-15,2018,15,T24GXW  ,2017-11-18 14:27:30
2018,4,10,43,4,2018-04-22,2018,16,T24GXW  ,2017-11-18 14:27:30
2018,4,10,44,5,2018-04-29,2018,17,T24GXW  ,2017-11-18 14:27:30
2018,4,11,45,1,2018-05-06,2018,18,T24GXW  ,2017-11-18 14:27:30
2018,4,11,46,2,2018-05-13,2018,19,T24GXW  ,2017-11-18 14:27:30
2018,4,11,47,3,2018-05-20,2018,20,T24GXW  ,2017-11-18 14:27:30
2018,4,11,48,4,2018-05-27,2018,21,T24GXW  ,2017-11-18 14:27:30
2018,4,12,49,1,2018-06-03,2018,22,T24GXW  ,2017-11-18 14:27:30
2018,4,12,50,2,2018-06-10,2018,23,T24GXW  ,2017-11-18 14:27:30
2018,4,12,51,3,2018-06-17,2018,24,T24GXW  ,2017-11-18 14:27:30
2018,4,12,52,4,2018-06-24,2018,25,T24GXW  ,2017-11-18 14:27:30
2019,1,1,1,1,2018-07-01,2018,26,T24GXW  ,2017-11-18 14:27:30
2019,1,1,2,2,2018-07-08,2018,27,T24GXW  ,2017-11-18 14:27:30
2019,1,1,3,3,2018-07-15,2018,28,T24GXW  ,2017-11-18 14:27:30
2019,1,1,4,4,2018-07-22,2018,29,T24GXW  ,2017-11-18 14:27:30
2019,1,1,5,5,2018-07-29,2018,30,T24GXW  ,2017-11-18 14:27:30
2019,1,2,6,1,2018-08-05,2018,31,T24GXW  ,2017-11-18 14:27:30
2019,1,2,7,2,2018-08-12,2018,32,T24GXW  ,2017-11-18 14:27:30
2019,1,2,8,3,2018-08-19,2018,33,T24GXW  ,2017-11-18 14:27:30
2019,1,2,9,4,2018-08-26,2018,34,T24GXW  ,2017-11-18 14:27:30
2019,1,3,10,1,2018-09-02,2018,35,T24GXW  ,2017-11-18 14:27:30
2019,1,3,11,2,2018-09-09,2018,36,T24GXW  ,2017-11-18 14:27:30
2019,1,3,12,3,2018-09-16,2018,37,T24GXW  ,2017-11-18 14:27:30
2019,1,3,13,4,2018-09-23,2018,38,T24GXW  ,2017-11-18 14:27:30
2019,2,4,14,1,2018-09-30,2018,39,T24GXW  ,2017-11-18 14:27:30
2019,2,4,15,2,2018-10-07,2018,40,T24GXW  ,2017-11-18 14:27:30
2019,2,4,16,3,2018-10-14,2018,41,T24GXW  ,2017-11-18 14:27:30
2019,2,4,17,4,2018-10-21,2018,42,T24GXW  ,2017-11-18 14:27:30
2019,2,4,18,5,2018-10-28,2018,43,T24GXW  ,2017-11-18 14:27:30
2019,2,5,19,1,2018-11-04,2018,44,T24GXW  ,2017-11-18 14:27:30
2019,2,5,20,2,2018-11-11,2018,45,T24GXW  ,2017-11-18 14:27:30
2019,2,5,21,3,2018-11-18,2018,46,T24GXW  ,2017-11-18 14:27:30
2019,2,5,22,4,2018-11-25,2018,47,T24GXW  ,2017-11-18 14:27:30
2019,2,6,23,1,2018-12-02,2018,48,T24GXW  ,2017-11-18 14:27:30
2019,2,6,24,2,2018-12-09,2018,49,T24GXW  ,2017-11-18 14:27:30
2019,2,6,25,3,2018-12-16,2018,50,T24GXW  ,2017-11-18 14:27:30
2019,2,6,26,4,2018-12-23,2018,51,T24GXW  ,2017-11-18 14:27:30
2019,2,6,27,5,2018-12-30,2018,52,T24GXW  ,2017-11-18 14:27:30
2019,3,7,28,1,2019-01-06,2019,1,T24GXW  ,2017-11-18 14:27:30
2019,3,7,29,2,2019-01-13,2019,2,T24GXW  ,2017-11-18 14:27:30
2019,3,7,30,3,2019-01-20,2019,3,T24GXW  ,2017-11-18 14:27:30
2019,3,7,31,4,2019-01-27,2019,4,T24GXW  ,2017-11-18 14:27:30
2019,3,8,32,1,2019-02-03,2019,5,T24GXW  ,2017-11-18 14:27:30
2019,3,8,33,2,2019-02-10,2019,6,T24GXW  ,2017-11-18 14:27:30
2019,3,8,34,3,2019-02-17,2019,7,T24GXW  ,2017-11-18 14:27:30
2019,3,8,35,4,2019-02-24,2019,8,T24GXW  ,2017-11-18 14:27:30
2019,3,9,36,1,2019-03-03,2019,9,T24GXW  ,2017-11-18 14:27:30
2019,3,9,37,2,2019-03-10,2019,10,T24GXW  ,2017-11-18 14:27:30
2019,3,9,38,3,2019-03-17,2019,11,T24GXW  ,2017-11-18 14:27:30
2019,3,9,39,4,2019-03-24,2019,12,T24GXW  ,2017-11-18 14:27:30
2019,4,10,40,1,2019-03-31,2019,13,T24GXW  ,2017-11-18 14:27:30
2019,4,10,41,2,2019-04-07,2019,14,T24GXW  ,2017-11-18 14:27:30
2019,4,10,42,3,2019-04-14,2019,15,T24GXW  ,2017-11-18 14:27:30
2019,4,10,43,4,2019-04-21,2019,16,T24GXW  ,2017-11-18 14:27:30
2019,4,10,44,5,2019-04-28,2019,17,T24GXW  ,2017-11-18 14:27:30
2019,4,11,45,1,2019-05-05,2019,18,T24GXW  ,2017-11-18 14:27:30
2019,4,11,46,2,2019-05-12,2019,19,T24GXW  ,2017-11-18 14:27:30
2019,4,11,47,3,2019-05-19,2019,20,T24GXW  ,2017-11-18 14:27:30
2019,4,11,48,4,2019-05-26,2019,21,T24GXW  ,2017-11-18 14:27:30
2019,4,12,49,1,2019-06-02,2019,22,T24GXW  ,2017-11-18 14:27:30
2019,4,12,50,2,2019-06-09,2019,23,T24GXW  ,2017-11-18 14:27:30
2019,4,12,51,3,2019-06-16,2019,24,T24GXW  ,2017-11-18 14:27:30
2019,4,12,52,4,2019-06-23,2019,25,T24GXW  ,2017-11-18 14:27:30
2019,4,12,53,5,2019-06-30,2019,26,T24GXW  ,2017-11-18 14:27:30
2020,1,1,1,1,2019-07-07,2019,27,T24GXW  ,2017-11-18 14:27:30
2020,1,1,2,2,2019-07-14,2019,28,T24GXW  ,2017-11-18 14:27:30
2020,1,1,3,3,2019-07-21,2019,29,T24GXW  ,2017-11-18 14:27:30
2020,1,1,4,4,2019-07-28,2019,30,T24GXW  ,2017-11-18 14:27:30
2020,1,1,5,5,2019-08-04,2019,31,T24GXW  ,2017-11-18 14:27:30
2020,1,2,6,1,2019-08-11,2019,32,T24GXW  ,2017-11-18 14:27:30
2020,1,2,7,2,2019-08-18,2019,33,T24GXW  ,2017-11-18 14:27:30
2020,1,2,8,3,2019-08-25,2019,34,T24GXW  ,2017-11-18 14:27:30
2020,1,2,9,4,2019-09-01,2019,35,T24GXW  ,2017-11-18 14:27:30
2020,1,3,10,1,2019-09-08,2019,36,T24GXW  ,2017-11-18 14:27:30
2020,1,3,11,2,2019-09-15,2019,37,T24GXW  ,2017-11-18 14:27:30
2020,1,3,12,3,2019-09-22,2019,38,T24GXW  ,2017-11-18 14:27:30
2020,1,3,13,4,2019-09-29,2019,39,T24GXW  ,2017-11-18 14:27:30
2020,2,4,14,1,2019-10-06,2019,40,T24GXW  ,2017-11-18 14:27:30
2020,2,4,15,2,2019-10-13,2019,41,T24GXW  ,2017-11-18 14:27:30
2020,2,4,16,3,2019-10-20,2019,42,T24GXW  ,2017-11-18 14:27:30
2020,2,4,17,4,2019-10-27,2019,43,T24GXW  ,2017-11-18 14:27:30
2020,2,4,18,5,2019-11-03,2019,44,T24GXW  ,2017-11-18 14:27:30
2020,2,5,19,1,2019-11-10,2019,45,T24GXW  ,2017-11-18 14:27:30
2020,2,5,20,2,2019-11-17,2019,46,T24GXW  ,2017-11-18 14:27:30
2020,2,5,21,3,2019-11-24,2019,47,T24GXW  ,2017-11-18 14:27:30
2020,2,5,22,4,2019-12-01,2019,48,T24GXW  ,2017-11-18 14:27:30
2020,2,6,23,1,2019-12-08,2019,49,T24GXW  ,2017-11-18 14:27:30
2020,2,6,24,2,2019-12-15,2019,50,T24GXW  ,2017-11-18 14:27:30
2020,2,6,25,3,2019-12-22,2019,51,T24GXW  ,2017-11-18 14:27:30
2020,2,6,26,4,2019-12-29,2019,52,T24GXW  ,2017-11-18 14:27:30
2020,2,6,27,5,2020-01-05,2020,1,T24GXW  ,2017-11-18 14:27:30
2020,3,7,28,1,2020-01-12,2020,2,T24GXW  ,2017-11-18 14:27:30
2020,3,7,29,2,2020-01-19,2020,3,T24GXW  ,2017-11-18 14:27:30
2020,3,7,30,3,2020-01-26,2020,4,T24GXW  ,2017-11-18 14:27:30
2020,3,7,31,4,2020-02-02,2020,5,T24GXW  ,2017-11-18 14:27:30
2020,3,8,32,1,2020-02-09,2020,6,T24GXW  ,2017-11-18 14:27:30
2020,3,8,33,2,2020-02-16,2020,7,T24GXW  ,2017-11-18 14:27:30
2020,3,8,34,3,2020-02-23,2020,8,T24GXW  ,2017-11-18 14:27:30
2020,3,8,35,4,2020-03-01,2020,9,T24GXW  ,2017-11-18 14:27:30
2020,3,9,36,1,2020-03-08,2020,10,T24GXW  ,2017-11-18 14:27:30
2020,3,9,37,2,2020-03-15,2020,11,T24GXW  ,2017-11-18 14:27:30
2020,3,9,38,3,2020-03-22,2020,12,T24GXW  ,2017-11-18 14:27:30
2020,3,9,39,4,2020-03-29,2020,13,T24GXW  ,2017-11-18 14:27:30
2020,4,10,40,1,2020-04-05,2020,14,T24GXW  ,2017-11-18 14:27:30
2020,4,10,41,2,2020-04-12,2020,15,T24GXW  ,2017-11-18 14:27:30
2020,4,10,42,3,2020-04-19,2020,16,T24GXW  ,2017-11-18 14:27:30
2020,4,10,43,4,2020-04-26,2020,17,T24GXW  ,2017-11-18 14:27:30
2020,4,10,44,5,2020-05-03,2020,18,T24GXW  ,2017-11-18 14:27:30
2020,4,11,45,1,2020-05-10,2020,19,T24GXW  ,2017-11-18 14:27:30
2020,4,11,46,2,2020-05-17,2020,20,T24GXW  ,2017-11-18 14:27:30
2020,4,11,47,3,2020-05-24,2020,21,T24GXW  ,2017-11-18 14:27:30
2020,4,11,48,4,2020-05-31,2020,22,T24GXW  ,2017-11-18 14:27:30
2020,4,12,49,1,2020-06-07,2020,23,T24GXW  ,2017-11-18 14:27:30
2020,4,12,50,2,2020-06-14,2020,24,T24GXW  ,2017-11-18 14:27:30
2020,4,12,51,3,2020-06-21,2020,25,T24GXW  ,2017-11-18 14:27:30
2020,4,12,52,4,2020-06-28,2020,26,T24GXW  ,2017-11-18 14:27:30
2021,1,1,1,1,2020-07-05,2020,27,T24GXW  ,2017-11-18 14:27:30
2021,1,1,2,2,2020-07-12,2020,28,T24GXW  ,2017-11-18 14:27:30
2021,1,1,3,3,2020-07-19,2020,29,T24GXW  ,2017-11-18 14:27:30
2021,1,1,4,4,2020-07-26,2020,30,T24GXW  ,2017-11-18 14:27:30
2021,1,1,5,5,2020-08-02,2020,31,T24GXW  ,2017-11-18 14:27:30
2021,1,2,6,1,2020-08-09,2020,32,T24GXW  ,2017-11-18 14:27:30
2021,1,2,7,2,2020-08-16,2020,33,T24GXW  ,2017-11-18 14:27:30
2021,1,2,8,3,2020-08-23,2020,34,T24GXW  ,2017-11-18 14:27:30
2021,1,2,9,4,2020-08-30,2020,35,T24GXW  ,2017-11-18 14:27:30
2021,1,3,10,1,2020-09-06,2020,36,T24GXW  ,2017-11-18 14:27:30
2021,1,3,11,2,2020-09-13,2020,37,T24GXW  ,2017-11-18 14:27:30
2021,1,3,12,3,2020-09-20,2020,38,T24GXW  ,2017-11-18 14:27:30
2021,1,3,13,4,2020-09-27,2020,39,T24GXW  ,2017-11-18 14:27:30
2021,2,4,14,1,2020-10-04,2020,40,T24GXW  ,2017-11-18 14:27:30
2021,2,4,15,2,2020-10-11,2020,41,T24GXW  ,2017-11-18 14:27:30
2021,2,4,16,3,2020-10-18,2020,42,T24GXW  ,2017-11-18 14:27:30
2021,2,4,17,4,2020-10-25,2020,43,T24GXW  ,2017-11-18 14:27:30
2021,2,4,18,5,2020-11-01,2020,44,T24GXW  ,2017-11-18 14:27:30
2021,2,5,19,1,2020-11-08,2020,45,T24GXW  ,2017-11-18 14:27:30
2021,2,5,20,2,2020-11-15,2020,46,T24GXW  ,2017-11-18 14:27:30
2021,2,5,21,3,2020-11-22,2020,47,T24GXW  ,2017-11-18 14:27:30
2021,2,5,22,4,2020-11-29,2020,48,T24GXW  ,2017-11-18 14:27:30
2021,2,6,23,1,2020-12-06,2020,49,T24GXW  ,2017-11-18 14:27:30
2021,2,6,24,2,2020-12-13,2020,50,T24GXW  ,2017-11-18 14:27:30
2021,2,6,25,3,2020-12-20,2020,51,T24GXW  ,2017-11-18 14:27:30
2021,2,6,26,4,2020-12-27,2020,52,T24GXW  ,2017-11-18 14:27:30
2021,2,6,27,5,2021-01-03,2020,53,T24GXW  ,2017-11-18 14:27:30
2021,3,7,28,1,2021-01-10,2021,1,T24GXW  ,2017-11-18 14:27:30
2021,3,7,29,2,2021-01-17,2021,2,T24GXW  ,2017-11-18 14:27:30
2021,3,7,30,3,2021-01-24,2021,3,T24GXW  ,2017-11-18 14:27:30
2021,3,7,31,4,2021-01-31,2021,4,T24GXW  ,2017-11-18 14:27:30
2021,3,8,32,1,2021-02-07,2021,5,T24GXW  ,2017-11-18 14:27:30
2021,3,8,33,2,2021-02-14,2021,6,T24GXW  ,2017-11-18 14:27:30
2021,3,8,34,3,2021-02-21,2021,7,T24GXW  ,2017-11-18 14:27:30
2021,3,8,35,4,2021-02-28,2021,8,T24GXW  ,2017-11-18 14:27:30
2021,3,9,36,1,2021-03-07,2021,9,T24GXW  ,2017-11-18 14:27:30
2021,3,9,37,2,2021-03-14,2021,10,T24GXW  ,2017-11-18 14:27:30
2021,3,9,38,3,2021-03-21,2021,11,T24GXW  ,2017-11-18 14:27:30
2021,3,9,39,4,2021-03-28,2021,12,T24GXW  ,2017-11-18 14:27:30
2021,4,10,40,1,2021-04-04,2021,13,T24GXW  ,2017-11-18 14:27:30
2021,4,10,41,2,2021-04-11,2021,14,T24GXW  ,2017-11-18 14:27:30
2021,4,10,42,3,2021-04-18,2021,15,T24GXW  ,2017-11-18 14:27:30
2021,4,10,43,4,2021-04-25,2021,16,T24GXW  ,2017-11-18 14:27:30
2021,4,10,44,5,2021-05-02,2021,17,T24GXW  ,2017-11-18 14:27:30
2021,4,11,45,1,2021-05-09,2021,18,T24GXW  ,2017-11-18 14:27:30
2021,4,11,46,2,2021-05-16,2021,19,T24GXW  ,2017-11-18 14:27:30
2021,4,11,47,3,2021-05-23,2021,20,T24GXW  ,2017-11-18 14:27:30
2021,4,11,48,4,2021-05-30,2021,21,T24GXW  ,2017-11-18 14:27:30
2021,4,12,49,1,2021-06-06,2021,22,T24GXW  ,2017-11-18 14:27:30
2021,4,12,50,2,2021-06-13,2021,23,T24GXW  ,2017-11-18 14:27:30
2021,4,12,51,3,2021-06-20,2021,24,T24GXW  ,2017-11-18 14:27:30
2021,4,12,52,4,2021-06-27,2021,25,T24GXW  ,2017-11-18 14:27:30
2022,1,1,1,1,2021-07-04,2021,26,T24GXW  ,2017-11-18 14:27:30
2022,1,1,2,2,2021-07-11,2021,27,T24GXW  ,2017-11-18 14:27:30
2022,1,1,3,3,2021-07-18,2021,28,T24GXW  ,2017-11-18 14:27:30
2022,1,1,4,4,2021-07-25,2021,29,T24GXW  ,2017-11-18 14:27:30
2022,1,1,5,5,2021-08-01,2021,30,T24GXW  ,2017-11-18 14:27:30
2022,1,2,6,1,2021-08-08,2021,31,T24GXW  ,2017-11-18 14:27:30
2022,1,2,7,2,2021-08-15,2021,32,T24GXW  ,2017-11-18 14:27:30
2022,1,2,8,3,2021-08-22,2021,33,T24GXW  ,2017-11-18 14:27:30
2022,1,2,9,4,2021-08-29,2021,34,T24GXW  ,2017-11-18 14:27:30
2022,1,3,10,1,2021-09-05,2021,35,T24GXW  ,2017-11-18 14:27:30
2022,1,3,11,2,2021-09-12,2021,36,T24GXW  ,2017-11-18 14:27:30
2022,1,3,12,3,2021-09-19,2021,37,T24GXW  ,2017-11-18 14:27:30
2022,1,3,13,4,2021-09-26,2021,38,T24GXW  ,2017-11-18 14:27:30
2022,2,4,14,1,2021-10-03,2021,39,T24GXW  ,2017-11-18 14:27:30
2022,2,4,15,2,2021-10-10,2021,40,T24GXW  ,2017-11-18 14:27:30
2022,2,4,16,3,2021-10-17,2021,41,T24GXW  ,2017-11-18 14:27:30
2022,2,4,17,4,2021-10-24,2021,42,T24GXW  ,2017-11-18 14:27:30
2022,2,4,18,5,2021-10-31,2021,43,T24GXW  ,2017-11-18 14:27:30
2022,2,5,19,1,2021-11-07,2021,44,T24GXW  ,2017-11-18 14:27:30
2022,2,5,20,2,2021-11-14,2021,45,T24GXW  ,2017-11-18 14:27:30
2022,2,5,21,3,2021-11-21,2021,46,T24GXW  ,2017-11-18 14:27:30
2022,2,5,22,4,2021-11-28,2021,47,T24GXW  ,2017-11-18 14:27:30
2022,2,6,23,1,2021-12-05,2021,48,T24GXW  ,2017-11-18 14:27:30
2022,2,6,24,2,2021-12-12,2021,49,T24GXW  ,2017-11-18 14:27:30
2022,2,6,25,3,2021-12-19,2021,50,T24GXW  ,2017-11-18 14:27:30
2022,2,6,26,4,2021-12-26,2021,51,T24GXW  ,2017-11-18 14:27:30
2022,2,6,27,5,2022-01-02,2021,52,T24GXW  ,2017-11-18 14:27:30
2022,3,7,28,1,2022-01-09,2022,1,T24GXW  ,2017-11-18 14:27:30
2022,3,7,29,2,2022-01-16,2022,2,T24GXW  ,2017-11-18 14:27:30
2022,3,7,30,3,2022-01-23,2022,3,T24GXW  ,2017-11-18 14:27:30
2022,3,7,31,4,2022-01-30,2022,4,T24GXW  ,2017-11-18 14:27:30
2022,3,8,32,1,2022-02-06,2022,5,T24GXW  ,2017-11-18 14:27:30
2022,3,8,33,2,2022-02-13,2022,6,T24GXW  ,2017-11-18 14:27:30
2022,3,8,34,3,2022-02-20,2022,7,T24GXW  ,2017-11-18 14:27:30
2022,3,8,35,4,2022-02-27,2022,8,T24GXW  ,2017-11-18 14:27:30
2022,3,9,36,1,2022-03-06,2022,9,T24GXW  ,2017-11-18 14:27:30
2022,3,9,37,2,2022-03-13,2022,10,T24GXW  ,2017-11-18 14:27:30
2022,3,9,38,3,2022-03-20,2022,11,T24GXW  ,2017-11-18 14:27:30
2022,3,9,39,4,2022-03-27,2022,12,T24GXW  ,2017-11-18 14:27:30
2022,4,10,40,1,2022-04-03,2022,13,T24GXW  ,2017-11-18 14:27:30
2022,4,10,41,2,2022-04-10,2022,14,T24GXW  ,2017-11-18 14:27:30
2022,4,10,42,3,2022-04-17,2022,15,T24GXW  ,2017-11-18 14:27:30
2022,4,10,43,4,2022-04-24,2022,16,T24GXW  ,2017-11-18 14:27:30
2022,4,10,44,5,2022-05-01,2022,17,T24GXW  ,2017-11-18 14:27:30
2022,4,11,45,1,2022-05-08,2022,18,T24GXW  ,2017-11-18 14:27:30
2022,4,11,46,2,2022-05-15,2022,19,T24GXW  ,2017-11-18 14:27:30
2022,4,11,47,3,2022-05-22,2022,20,T24GXW  ,2017-11-18 14:27:30
2022,4,11,48,4,2022-05-29,2022,21,T24GXW  ,2017-11-18 14:27:30
2022,4,12,49,1,2022-06-05,2022,22,T24GXW  ,2017-11-18 14:27:30
2022,4,12,50,2,2022-06-12,2022,23,T24GXW  ,2017-11-18 14:27:30
2022,4,12,51,3,2022-06-19,2022,24,T24GXW  ,2017-11-18 14:27:30
2022,4,12,52,4,2022-06-26,2022,25,T24GXW  ,2017-11-18 14:27:30
2023,1,1,1,1,2022-07-03,2022,26,T24GXW  ,2017-11-18 14:27:30
2023,1,1,2,2,2022-07-10,2022,27,T24GXW  ,2017-11-18 14:27:30
2023,1,1,3,3,2022-07-17,2022,28,T24GXW  ,2017-11-18 14:27:30
2023,1,1,4,4,2022-07-24,2022,29,T24GXW  ,2017-11-18 14:27:30
2023,1,1,5,5,2022-07-31,2022,30,T24GXW  ,2017-11-18 14:27:30
2023,1,2,6,1,2022-08-07,2022,31,T24GXW  ,2017-11-18 14:27:30
2023,1,2,7,2,2022-08-14,2022,32,T24GXW  ,2017-11-18 14:27:30
2023,1,2,8,3,2022-08-21,2022,33,T24GXW  ,2017-11-18 14:27:30
2023,1,2,9,4,2022-08-28,2022,34,T24GXW  ,2017-11-18 14:27:30
2023,1,3,10,1,2022-09-04,2022,35,T24GXW  ,2017-11-18 14:27:30
2023,1,3,11,2,2022-09-11,2022,36,T24GXW  ,2017-11-18 14:27:30
2023,1,3,12,3,2022-09-18,2022,37,T24GXW  ,2017-11-18 14:27:30
2023,1,3,13,4,2022-09-25,2022,38,T24GXW  ,2017-11-18 14:27:30
2023,2,4,14,1,2022-10-02,2022,39,T24GXW  ,2017-11-18 14:27:30
2023,2,4,15,2,2022-10-09,2022,40,T24GXW  ,2017-11-18 14:27:30
2023,2,4,16,3,2022-10-16,2022,41,T24GXW  ,2017-11-18 14:27:30
2023,2,4,17,4,2022-10-23,2022,42,T24GXW  ,2017-11-18 14:27:30
2023,2,4,18,5,2022-10-30,2022,43,T24GXW  ,2017-11-18 14:27:30
2023,2,5,19,1,2022-11-06,2022,44,T24GXW  ,2017-11-18 14:27:30
2023,2,5,20,2,2022-11-13,2022,45,T24GXW  ,2017-11-18 14:27:30
2023,2,5,21,3,2022-11-20,2022,46,T24GXW  ,2017-11-18 14:27:30
2023,2,5,22,4,2022-11-27,2022,47,T24GXW  ,2017-11-18 14:27:30
2023,2,6,23,1,2022-12-04,2022,48,T24GXW  ,2017-11-18 14:27:30
2023,2,6,24,2,2022-12-11,2022,49,T24GXW  ,2017-11-18 14:27:30
2023,2,6,25,3,2022-12-18,2022,50,T24GXW  ,2017-11-18 14:27:30
2023,2,6,26,4,2022-12-25,2022,51,T24GXW  ,2017-11-18 14:27:30
2023,2,6,27,5,2023-01-01,2022,52,T24GXW  ,2017-11-18 14:27:30
2023,3,7,28,1,2023-01-08,2023,1,T24GXW  ,2017-11-18 14:27:30
2023,3,7,29,2,2023-01-15,2023,2,T24GXW  ,2017-11-18 14:27:30
2023,3,7,30,3,2023-01-22,2023,3,T24GXW  ,2017-11-18 14:27:30
2023,3,7,31,4,2023-01-29,2023,4,T24GXW  ,2017-11-18 14:27:30
2023,3,8,32,1,2023-02-05,2023,5,T24GXW  ,2017-11-18 14:27:30
2023,3,8,33,2,2023-02-12,2023,6,T24GXW  ,2017-11-18 14:27:30
2023,3,8,34,3,2023-02-19,2023,7,T24GXW  ,2017-11-18 14:27:30
2023,3,8,35,4,2023-02-26,2023,8,T24GXW  ,2017-11-18 14:27:30
2023,3,9,36,1,2023-03-05,2023,9,T24GXW  ,2017-11-18 14:27:30
2023,3,9,37,2,2023-03-12,2023,10,T24GXW  ,2017-11-18 14:27:30
2023,3,9,38,3,2023-03-19,2023,11,T24GXW  ,2017-11-18 14:27:30
2023,3,9,39,4,2023-03-26,2023,12,T24GXW  ,2017-11-18 14:27:30
2023,4,10,40,1,2023-04-02,2023,13,T24GXW  ,2017-11-18 14:27:30
2023,4,10,41,2,2023-04-09,2023,14,T24GXW  ,2017-11-18 14:27:30
2023,4,10,42,3,2023-04-16,2023,15,T24GXW  ,2017-11-18 14:27:30
2023,4,10,43,4,2023-04-23,2023,16,T24GXW  ,2017-11-18 14:27:30
2023,4,10,44,5,2023-04-30,2023,17,T24GXW  ,2017-11-18 14:27:30
2023,4,11,45,1,2023-05-07,2023,18,T24GXW  ,2017-11-18 14:27:30
2023,4,11,46,2,2023-05-14,2023,19,T24GXW  ,2017-11-18 14:27:30
2023,4,11,47,3,2023-05-21,2023,20,T24GXW  ,2017-11-18 14:27:30
2023,4,11,48,4,2023-05-28,2023,21,T24GXW  ,2017-11-18 14:27:30
2023,4,12,49,1,2023-06-04,2023,22,T24GXW  ,2017-11-18 14:27:30
2023,4,12,50,2,2023-06-11,2023,23,T24GXW  ,2017-11-18 14:27:30
2023,4,12,51,3,2023-06-18,2023,24,T24GXW  ,2017-11-18 14:27:30
2023,4,12,52,4,2023-06-25,2023,25,T24GXW  ,2017-11-18 14:27:30
2024,1,1,1,1,2023-07-02,2023,26,T24GXW  ,2017-11-18 14:27:30
2024,1,1,2,2,2023-07-09,2023,27,T24GXW  ,2017-11-18 14:27:30
2024,1,1,3,3,2023-07-16,2023,28,T24GXW  ,2017-11-18 14:27:30
2024,1,1,4,4,2023-07-23,2023,29,T24GXW  ,2017-11-18 14:27:30
2024,1,1,5,5,2023-07-30,2023,30,T24GXW  ,2017-11-18 14:27:30
2024,1,2,6,1,2023-08-06,2023,31,T24GXW  ,2017-11-18 14:27:30
2024,1,2,7,2,2023-08-13,2023,32,T24GXW  ,2017-11-18 14:27:30
2024,1,2,8,3,2023-08-20,2023,33,T24GXW  ,2017-11-18 14:27:30
2024,1,2,9,4,2023-08-27,2023,34,T24GXW  ,2017-11-18 14:27:30
2024,1,3,10,1,2023-09-03,2023,35,T24GXW  ,2017-11-18 14:27:30
2024,1,3,11,2,2023-09-10,2023,36,T24GXW  ,2017-11-18 14:27:30
2024,1,3,12,3,2023-09-17,2023,37,T24GXW  ,2017-11-18 14:27:30
2024,1,3,13,4,2023-09-24,2023,38,T24GXW  ,2017-11-18 14:27:30
2024,2,4,14,1,2023-10-01,2023,39,T24GXW  ,2017-11-18 14:27:30
2024,2,4,15,2,2023-10-08,2023,40,T24GXW  ,2017-11-18 14:27:30
2024,2,4,16,3,2023-10-15,2023,41,T24GXW  ,2017-11-18 14:27:30
2024,2,4,17,4,2023-10-22,2023,42,T24GXW  ,2017-11-18 14:27:30
2024,2,4,18,5,2023-10-29,2023,43,T24GXW  ,2017-11-18 14:27:30
2024,2,5,19,1,2023-11-05,2023,44,T24GXW  ,2017-11-18 14:27:30
2024,2,5,20,2,2023-11-12,2023,45,T24GXW  ,2017-11-18 14:27:30
2024,2,5,21,3,2023-11-19,2023,46,T24GXW  ,2017-11-18 14:27:30
2024,2,5,22,4,2023-11-26,2023,47,T24GXW  ,2017-11-18 14:27:30
2024,2,6,23,1,2023-12-03,2023,48,T24GXW  ,2017-11-18 14:27:30
2024,2,6,24,2,2023-12-10,2023,49,T24GXW  ,2017-11-18 14:27:30
2024,2,6,25,3,2023-12-17,2023,50,T24GXW  ,2017-11-18 14:27:30
2024,2,6,26,4,2023-12-24,2023,51,T24GXW  ,2017-11-18 14:27:30
2024,2,6,27,5,2023-12-31,2023,52,T24GXW  ,2017-11-18 14:27:30
2024,3,7,28,1,2024-01-07,2024,1,T24GXW  ,2017-11-18 14:27:30
2024,3,7,29,2,2024-01-14,2024,2,T24GXW  ,2017-11-18 14:27:30
2024,3,7,30,3,2024-01-21,2024,3,T24GXW  ,2017-11-18 14:27:30
2024,3,7,31,4,2024-01-28,2024,4,T24GXW  ,2017-11-18 14:27:30
2024,3,8,32,1,2024-02-04,2024,5,T24GXW  ,2017-11-18 14:27:30
2024,3,8,33,2,2024-02-11,2024,6,T24GXW  ,2017-11-18 14:27:30
2024,3,8,34,3,2024-02-18,2024,7,T24GXW  ,2017-11-18 14:27:30
2024,3,8,35,4,2024-02-25,2024,8,T24GXW  ,2017-11-18 14:27:30
2024,3,9,36,1,2024-03-03,2024,9,T24GXW  ,2017-11-18 14:27:30
2024,3,9,37,2,2024-03-10,2024,10,T24GXW  ,2017-11-18 14:27:30
2024,3,9,38,3,2024-03-17,2024,11,T24GXW  ,2017-11-18 14:27:30
2024,3,9,39,4,2024-03-24,2024,12,T24GXW  ,2017-11-18 14:27:30
2024,4,10,40,1,2024-03-31,2024,13,T24GXW  ,2017-11-18 14:27:30
2024,4,10,41,2,2024-04-07,2024,14,T24GXW  ,2017-11-18 14:27:30
2024,4,10,42,3,2024-04-14,2024,15,T24GXW  ,2017-11-18 14:27:30
2024,4,10,43,4,2024-04-21,2024,16,T24GXW  ,2017-11-18 14:27:30
2024,4,10,44,5,2024-04-28,2024,17,T24GXW  ,2017-11-18 14:27:30
2024,4,11,45,1,2024-05-05,2024,18,T24GXW  ,2017-11-18 14:27:30
2024,4,11,46,2,2024-05-12,2024,19,T24GXW  ,2017-11-18 14:27:30
2024,4,11,47,3,2024-05-19,2024,20,T24GXW  ,2017-11-18 14:27:30
2024,4,11,48,4,2024-05-26,2024,21,T24GXW  ,2017-11-18 14:27:30
2024,4,12,49,1,2024-06-02,2024,22,T24GXW  ,2017-11-18 14:27:30
2024,4,12,50,2,2024-06-09,2024,23,T24GXW  ,2017-11-18 14:27:30
2024,4,12,51,3,2024-06-16,2024,24,T24GXW  ,2017-11-18 14:27:30
2024,4,12,52,4,2024-06-23,2024,25,T24GXW  ,2017-11-18 14:27:30
2024,4,12,53,5,2024-06-30,2024,26,T24GXW  ,2017-11-18 14:27:30
2025,1,1,1,1,2024-07-07,2024,27,T24GXW  ,2017-11-18 14:27:30
2025,1,1,2,2,2024-07-14,2024,28,T24GXW  ,2017-11-18 14:27:30
2025,1,1,3,3,2024-07-21,2024,29,T24GXW  ,2017-11-18 14:27:30
2025,1,1,4,4,2024-07-28,2024,30,T24GXW  ,2017-11-18 14:27:30
2025,1,1,5,5,2024-08-04,2024,31,T24GXW  ,2017-11-18 14:27:30
2025,1,2,6,1,2024-08-11,2024,32,T24GXW  ,2017-11-18 14:27:30
2025,1,2,7,2,2024-08-18,2024,33,T24GXW  ,2017-11-18 14:27:30
2025,1,2,8,3,2024-08-25,2024,34,T24GXW  ,2017-11-18 14:27:30
2025,1,2,9,4,2024-09-01,2024,35,T24GXW  ,2017-11-18 14:27:30
2025,1,3,10,1,2024-09-08,2024,36,T24GXW  ,2017-11-18 14:27:30
2025,1,3,11,2,2024-09-15,2024,37,T24GXW  ,2017-11-18 14:27:30
2025,1,3,12,3,2024-09-22,2024,38,T24GXW  ,2017-11-18 14:27:30
2025,1,3,13,4,2024-09-29,2024,39,T24GXW  ,2017-11-18 14:27:30
2025,2,4,14,1,2024-10-06,2024,40,T24GXW  ,2017-11-18 14:27:30
2025,2,4,15,2,2024-10-13,2024,41,T24GXW  ,2017-11-18 14:27:30
2025,2,4,16,3,2024-10-20,2024,42,T24GXW  ,2017-11-18 14:27:30
2025,2,4,17,4,2024-10-27,2024,43,T24GXW  ,2017-11-18 14:27:30
2025,2,4,18,5,2024-11-03,2024,44,T24GXW  ,2017-11-18 14:27:30
2025,2,5,19,1,2024-11-10,2024,45,T24GXW  ,2017-11-18 14:27:30
2025,2,5,20,2,2024-11-17,2024,46,T24GXW  ,2017-11-18 14:27:30
2025,2,5,21,3,2024-11-24,2024,47,T24GXW  ,2017-11-18 14:27:30
2025,2,5,22,4,2024-12-01,2024,48,T24GXW  ,2017-11-18 14:27:30
2025,2,6,23,1,2024-12-08,2024,49,T24GXW  ,2017-11-18 14:27:30
2025,2,6,24,2,2024-12-15,2024,50,T24GXW  ,2017-11-18 14:27:30
2025,2,6,25,3,2024-12-22,2024,51,T24GXW  ,2017-11-18 14:27:30
2025,2,6,26,4,2024-12-29,2024,52,T24GXW  ,2017-11-18 14:27:30
2025,2,6,27,5,2025-01-05,2025,1,T24GXW  ,2017-11-18 14:27:30
2025,3,7,28,1,2025-01-12,2025,2,T24GXW  ,2017-11-18 14:27:30
2025,3,7,29,2,2025-01-19,2025,3,T24GXW  ,2017-11-18 14:27:30
2025,3,7,30,3,2025-01-26,2025,4,T24GXW  ,2017-11-18 14:27:30
2025,3,7,31,4,2025-02-02,2025,5,T24GXW  ,2017-11-18 14:27:30
2025,3,8,32,1,2025-02-09,2025,6,T24GXW  ,2017-11-18 14:27:30
2025,3,8,33,2,2025-02-16,2025,7,T24GXW  ,2017-11-18 14:27:30
2025,3,8,34,3,2025-02-23,2025,8,T24GXW  ,2017-11-18 14:27:30
2025,3,8,35,4,2025-03-02,2025,9,T24GXW  ,2017-11-18 14:27:30
2025,3,9,36,1,2025-03-09,2025,10,T24GXW  ,2017-11-18 14:27:30
2025,3,9,37,2,2025-03-16,2025,11,T24GXW  ,2017-11-18 14:27:30
2025,3,9,38,3,2025-03-23,2025,12,T24GXW  ,2017-11-18 14:27:30
2025,3,9,39,4,2025-03-30,2025,13,T24GXW  ,2017-11-18 14:27:30
2025,4,10,40,1,2025-04-06,2025,14,T24GXW  ,2017-11-18 14:27:30
2025,4,10,41,2,2025-04-13,2025,15,T24GXW  ,2017-11-18 14:27:30
2025,4,10,42,3,2025-04-20,2025,16,T24GXW  ,2017-11-18 14:27:30
2025,4,10,43,4,2025-04-27,2025,17,T24GXW  ,2017-11-18 14:27:30
2025,4,10,44,5,2025-05-04,2025,18,T24GXW  ,2017-11-18 14:27:30
2025,4,11,45,1,2025-05-11,2025,19,T24GXW  ,2017-11-18 14:27:30
2025,4,11,46,2,2025-05-18,2025,20,T24GXW  ,2017-11-18 14:27:30
2025,4,11,47,3,2025-05-25,2025,21,T24GXW  ,2017-11-18 14:27:30
2025,4,11,48,4,2025-06-01,2025,22,T24GXW  ,2017-11-18 14:27:30
2025,4,12,49,1,2025-06-08,2025,23,T24GXW  ,2017-11-18 14:27:30
2025,4,12,50,2,2025-06-15,2025,24,T24GXW  ,2017-11-18 14:27:30
2025,4,12,51,3,2025-06-22,2025,25,T24GXW  ,2017-11-18 14:27:30
2025,4,12,52,4,2025-06-29,2025,26,T24GXW  ,2017-11-18 14:27:30
2026,1,1,1,1,2025-07-06,2025,27,T24GXW  ,2017-11-18 14:27:30
2026,1,1,2,2,2025-07-13,2025,28,T24GXW  ,2017-11-18 14:27:30
2026,1,1,3,3,2025-07-20,2025,29,T24GXW  ,2017-11-18 14:27:30
2026,1,1,4,4,2025-07-27,2025,30,T24GXW  ,2017-11-18 14:27:30
2026,1,1,5,5,2025-08-03,2025,31,T24GXW  ,2017-11-18 14:27:30
2026,1,2,6,1,2025-08-10,2025,32,T24GXW  ,2017-11-18 14:27:30
2026,1,2,7,2,2025-08-17,2025,33,T24GXW  ,2017-11-18 14:27:30
2026,1,2,8,3,2025-08-24,2025,34,T24GXW  ,2017-11-18 14:27:30
2026,1,2,9,4,2025-08-31,2025,35,T24GXW  ,2017-11-18 14:27:30
2026,1,3,10,1,2025-09-07,2025,36,T24GXW  ,2017-11-18 14:27:30
2026,1,3,11,2,2025-09-14,2025,37,T24GXW  ,2017-11-18 14:27:30
2026,1,3,12,3,2025-09-21,2025,38,T24GXW  ,2017-11-18 14:27:30
2026,1,3,13,4,2025-09-28,2025,39,T24GXW  ,2017-11-18 14:27:30
2026,2,4,14,1,2025-10-05,2025,40,T24GXW  ,2017-11-18 14:27:30
2026,2,4,15,2,2025-10-12,2025,41,T24GXW  ,2017-11-18 14:27:30
2026,2,4,16,3,2025-10-19,2025,42,T24GXW  ,2017-11-18 14:27:30
2026,2,4,17,4,2025-10-26,2025,43,T24GXW  ,2017-11-18 14:27:30
2026,2,4,18,5,2025-11-02,2025,44,T24GXW  ,2017-11-18 14:27:30
2026,2,5,19,1,2025-11-09,2025,45,T24GXW  ,2017-11-18 14:27:30
2026,2,5,20,2,2025-11-16,2025,46,T24GXW  ,2017-11-18 14:27:30
2026,2,5,21,3,2025-11-23,2025,47,T24GXW  ,2017-11-18 14:27:30
2026,2,5,22,4,2025-11-30,2025,48,T24GXW  ,2017-11-18 14:27:30
2026,2,6,23,1,2025-12-07,2025,49,T24GXW  ,2017-11-18 14:27:30
2026,2,6,24,2,2025-12-14,2025,50,T24GXW  ,2017-11-18 14:27:30
2026,2,6,25,3,2025-12-21,2025,51,T24GXW  ,2017-11-18 14:27:30
2026,2,6,26,4,2025-12-28,2025,52,T24GXW  ,2017-11-18 14:27:30
2026,2,6,27,5,2026-01-04,2026,1,T24GXW  ,2017-11-18 14:27:30
2026,3,7,28,1,2026-01-11,2026,2,T24GXW  ,2017-11-18 14:27:30
2026,3,7,29,2,2026-01-18,2026,3,T24GXW  ,2017-11-18 14:27:30
2026,3,7,30,3,2026-01-25,2026,4,T24GXW  ,2017-11-18 14:27:30
2026,3,7,31,4,2026-02-01,2026,5,T24GXW  ,2017-11-18 14:27:30
2026,3,8,32,1,2026-02-08,2026,6,T24GXW  ,2017-11-18 14:27:30
2026,3,8,33,2,2026-02-15,2026,7,T24GXW  ,2017-11-18 14:27:30
2026,3,8,34,3,2026-02-22,2026,8,T24GXW  ,2017-11-18 14:27:30
2026,3,8,35,4,2026-03-01,2026,9,T24GXW  ,2017-11-18 14:27:30
2026,3,9,36,1,2026-03-08,2026,10,T24GXW  ,2017-11-18 14:27:30
2026,3,9,37,2,2026-03-15,2026,11,T24GXW  ,2017-11-18 14:27:30
2026,3,9,38,3,2026-03-22,2026,12,T24GXW  ,2017-11-18 14:27:30
2026,3,9,39,4,2026-03-29,2026,13,T24GXW  ,2017-11-18 14:27:30
2026,4,10,40,1,2026-04-05,2026,14,T24GXW  ,2017-11-18 14:27:30
2026,4,10,41,2,2026-04-12,2026,15,T24GXW  ,2017-11-18 14:27:30
2026,4,10,42,3,2026-04-19,2026,16,T24GXW  ,2017-11-18 14:27:30
2026,4,10,43,4,2026-04-26,2026,17,T24GXW  ,2017-11-18 14:27:30
2026,4,10,44,5,2026-05-03,2026,18,T24GXW  ,2017-11-18 14:27:30
2026,4,11,45,1,2026-05-10,2026,19,T24GXW  ,2017-11-18 14:27:30
2026,4,11,46,2,2026-05-17,2026,20,T24GXW  ,2017-11-18 14:27:30
2026,4,11,47,3,2026-05-24,2026,21,T24GXW  ,2017-11-18 14:27:30
2026,4,11,48,4,2026-05-31,2026,22,T24GXW  ,2017-11-18 14:27:30
2026,4,12,49,1,2026-06-07,2026,23,T24GXW  ,2017-11-18 14:27:30
2026,4,12,50,2,2026-06-14,2026,24,T24GXW  ,2017-11-18 14:27:30
2026,4,12,51,3,2026-06-21,2026,25,T24GXW  ,2017-11-18 14:27:30
2026,4,12,52,4,2026-06-28,2026,26,T24GXW  ,2017-11-18 14:27:30
2027,1,1,1,1,2026-07-05,2026,27,T24GXW  ,2017-11-18 14:27:30
2027,1,1,2,2,2026-07-12,2026,28,T24GXW  ,2017-11-18 14:27:30
2027,1,1,3,3,2026-07-19,2026,29,T24GXW  ,2017-11-18 14:27:30
2027,1,1,4,4,2026-07-26,2026,30,T24GXW  ,2017-11-18 14:27:30
2027,1,1,5,5,2026-08-02,2026,31,T24GXW  ,2017-11-18 14:27:30
2027,1,2,6,1,2026-08-09,2026,32,T24GXW  ,2017-11-18 14:27:30
2027,1,2,7,2,2026-08-16,2026,33,T24GXW  ,2017-11-18 14:27:30
2027,1,2,8,3,2026-08-23,2026,34,T24GXW  ,2017-11-18 14:27:30
2027,1,2,9,4,2026-08-30,2026,35,T24GXW  ,2017-11-18 14:27:30
2027,1,3,10,1,2026-09-06,2026,36,T24GXW  ,2017-11-18 14:27:30
2027,1,3,11,2,2026-09-13,2026,37,T24GXW  ,2017-11-18 14:27:30
2027,1,3,12,3,2026-09-20,2026,38,T24GXW  ,2017-11-18 14:27:30
2027,1,3,13,4,2026-09-27,2026,39,T24GXW  ,2017-11-18 14:27:30
2027,2,4,14,1,2026-10-04,2026,40,T24GXW  ,2017-11-18 14:27:30
2027,2,4,15,2,2026-10-11,2026,41,T24GXW  ,2017-11-18 14:27:30
2027,2,4,16,3,2026-10-18,2026,42,T24GXW  ,2017-11-18 14:27:30
2027,2,4,17,4,2026-10-25,2026,43,T24GXW  ,2017-11-18 14:27:30
2027,2,4,18,5,2026-11-01,2026,44,T24GXW  ,2017-11-18 14:27:30
2027,2,5,19,1,2026-11-08,2026,45,T24GXW  ,2017-11-18 14:27:30
2027,2,5,20,2,2026-11-15,2026,46,T24GXW  ,2017-11-18 14:27:30
2027,2,5,21,3,2026-11-22,2026,47,T24GXW  ,2017-11-18 14:27:30
2027,2,5,22,4,2026-11-29,2026,48,T24GXW  ,2017-11-18 14:27:30
2027,2,6,23,1,2026-12-06,2026,49,T24GXW  ,2017-11-18 14:27:30
2027,2,6,24,2,2026-12-13,2026,50,T24GXW  ,2017-11-18 14:27:30
2027,2,6,25,3,2026-12-20,2026,51,T24GXW  ,2017-11-18 14:27:30
2027,2,6,26,4,2026-12-27,2026,52,T24GXW  ,2017-11-18 14:27:30
2027,2,6,27,5,2027-01-03,2026,53,T24GXW  ,2017-11-18 14:27:30
2027,3,7,28,1,2027-01-10,2027,1,T24GXW  ,2017-11-18 14:27:30
2027,3,7,29,2,2027-01-17,2027,2,T24GXW  ,2017-11-18 14:27:30
2027,3,7,30,3,2027-01-24,2027,3,T24GXW  ,2017-11-18 14:27:30
2027,3,7,31,4,2027-01-31,2027,4,T24GXW  ,2017-11-18 14:27:30
2027,3,8,32,1,2027-02-07,2027,5,T24GXW  ,2017-11-18 14:27:30
2027,3,8,33,2,2027-02-14,2027,6,T24GXW  ,2017-11-18 14:27:30
2027,3,8,34,3,2027-02-21,2027,7,T24GXW  ,2017-11-18 14:27:30
2027,3,8,35,4,2027-02-28,2027,8,T24GXW  ,2017-11-18 14:27:30
2027,3,9,36,1,2027-03-07,2027,9,T24GXW  ,2017-11-18 14:27:30
2027,3,9,37,2,2027-03-14,2027,10,T24GXW  ,2017-11-18 14:27:30
2027,3,9,38,3,2027-03-21,2027,11,T24GXW  ,2017-11-18 14:27:30
2027,3,9,39,4,2027-03-28,2027,12,T24GXW  ,2017-11-18 14:27:30
2027,4,10,40,1,2027-04-04,2027,13,T24GXW  ,2017-11-18 14:27:30
2027,4,10,41,2,2027-04-11,2027,14,T24GXW  ,2017-11-18 14:27:30
2027,4,10,42,3,2027-04-18,2027,15,T24GXW  ,2017-11-18 14:27:30
2027,4,10,43,4,2027-04-25,2027,16,T24GXW  ,2017-11-18 14:27:30
2027,4,10,44,5,2027-05-02,2027,17,T24GXW  ,2017-11-18 14:27:30
2027,4,11,45,1,2027-05-09,2027,18,T24GXW  ,2017-11-18 14:27:30
2027,4,11,46,2,2027-05-16,2027,19,T24GXW  ,2017-11-18 14:27:30
2027,4,11,47,3,2027-05-23,2027,20,T24GXW  ,2017-11-18 14:27:30
2027,4,11,48,4,2027-05-30,2027,21,T24GXW  ,2017-11-18 14:27:30
2027,4,12,49,1,2027-06-06,2027,22,T24GXW  ,2017-11-18 14:27:30
2027,4,12,50,2,2027-06-13,2027,23,T24GXW  ,2017-11-18 14:27:30
2027,4,12,51,3,2027-06-20,2027,24,T24GXW  ,2017-11-18 14:27:30
2027,4,12,52,4,2027-06-27,2027,25,T24GXW  ,2017-11-18 14:27:30
2028,1,1,1,1,2027-07-04,2027,26,T24GXW  ,2017-11-18 14:27:30
2028,1,1,2,2,2027-07-11,2027,27,T24GXW  ,2017-11-18 14:27:30
2028,1,1,3,3,2027-07-18,2027,28,T24GXW  ,2017-11-18 14:27:30
2028,1,1,4,4,2027-07-25,2027,29,T24GXW  ,2017-11-18 14:27:30
2028,1,1,5,5,2027-08-01,2027,30,T24GXW  ,2017-11-18 14:27:30
2028,1,2,6,1,2027-08-08,2027,31,T24GXW  ,2017-11-18 14:27:30
2028,1,2,7,2,2027-08-15,2027,32,T24GXW  ,2017-11-18 14:27:30
2028,1,2,8,3,2027-08-22,2027,33,T24GXW  ,2017-11-18 14:27:30
2028,1,2,9,4,2027-08-29,2027,34,T24GXW  ,2017-11-18 14:27:30
2028,1,3,10,1,2027-09-05,2027,35,T24GXW  ,2017-11-18 14:27:30
2028,1,3,11,2,2027-09-12,2027,36,T24GXW  ,2017-11-18 14:27:30
2028,1,3,12,3,2027-09-19,2027,37,T24GXW  ,2017-11-18 14:27:30
2028,1,3,13,4,2027-09-26,2027,38,T24GXW  ,2017-11-18 14:27:30
2028,2,4,14,1,2027-10-03,2027,39,T24GXW  ,2017-11-18 14:27:30
2028,2,4,15,2,2027-10-10,2027,40,T24GXW  ,2017-11-18 14:27:30
2028,2,4,16,3,2027-10-17,2027,41,T24GXW  ,2017-11-18 14:27:30
2028,2,4,17,4,2027-10-24,2027,42,T24GXW  ,2017-11-18 14:27:30
2028,2,4,18,5,2027-10-31,2027,43,T24GXW  ,2017-11-18 14:27:30
2028,2,5,19,1,2027-11-07,2027,44,T24GXW  ,2017-11-18 14:27:30
2028,2,5,20,2,2027-11-14,2027,45,T24GXW  ,2017-11-18 14:27:30
2028,2,5,21,3,2027-11-21,2027,46,T24GXW  ,2017-11-18 14:27:30
2028,2,5,22,4,2027-11-28,2027,47,T24GXW  ,2017-11-18 14:27:30
2028,2,6,23,1,2027-12-05,2027,48,T24GXW  ,2017-11-18 14:27:30
2028,2,6,24,2,2027-12-12,2027,49,T24GXW  ,2017-11-18 14:27:30
2028,2,6,25,3,2027-12-19,2027,50,T24GXW  ,2017-11-18 14:27:30
2028,2,6,26,4,2027-12-26,2027,51,T24GXW  ,2017-11-18 14:27:30
2028,2,6,27,5,2028-01-02,2027,52,T24GXW  ,2017-11-18 14:27:30
2028,3,7,28,1,2028-01-09,2028,2,U519LGW ,2013-01-07 11:56:39
2028,3,7,29,2,2028-01-16,2028,3,U519LGW ,2013-01-07 11:56:39
2028,3,7,30,3,2028-01-23,2028,4,U519LGW ,2013-01-07 11:56:39
2028,3,7,31,4,2028-01-30,2028,5,U519LGW ,2013-01-07 11:56:39
2028,3,8,32,1,2028-02-06,2028,6,U519LGW ,2013-01-07 11:56:39
2028,3,8,33,2,2028-02-13,2028,7,U519LGW ,2013-01-07 11:56:39
2028,3,8,34,3,2028-02-20,2028,8,U519LGW ,2013-01-07 11:56:39
2028,3,8,35,4,2028-02-27,2028,9,U519LGW ,2013-01-07 11:56:39
2028,3,9,36,1,2028-03-05,2028,10,U519LGW ,2013-01-07 11:56:39
2028,3,9,37,2,2028-03-12,2028,11,U519LGW ,2013-01-07 11:56:39
2028,3,9,38,3,2028-03-19,2028,12,U519LGW ,2013-01-07 11:56:39
2028,3,9,39,4,2028-03-26,2028,13,U519LGW ,2013-01-07 11:56:39
2028,4,10,40,1,2028-04-02,2028,14,U519LGW ,2013-01-07 11:56:39
2028,4,10,41,2,2028-04-09,2028,15,U519LGW ,2013-01-07 11:56:39
2028,4,10,42,3,2028-04-16,2028,16,U519LGW ,2013-01-07 11:56:39
2028,4,10,43,4,2028-04-23,2028,17,U519LGW ,2013-01-07 11:56:39
2028,4,10,44,5,2028-04-30,2028,18,U519LGW ,2013-01-07 11:56:39
2028,4,11,45,1,2028-05-07,2028,19,U519LGW ,2013-01-07 11:56:39
2028,4,11,46,2,2028-05-14,2028,20,U519LGW ,2013-01-07 11:56:39
2028,4,11,47,3,2028-05-21,2028,21,U519LGW ,2013-01-07 11:56:39
2028,4,11,48,4,2028-05-28,2028,22,U519LGW ,2013-01-07 11:56:39
2028,4,12,49,1,2028-06-04,2028,23,U519LGW ,2013-01-07 11:56:39
2028,4,12,50,2,2028-06-11,2028,24,U519LGW ,2013-01-07 11:56:39
2028,4,12,51,3,2028-06-18,2028,25,U519LGW ,2013-01-07 11:56:39
2028,4,12,52,4,2028-06-25,2028,26,U519LGW ,2013-01-07 11:56:39
2029,1,1,1,1,2028-07-02,2028,27,U519LGW ,2013-01-07 11:56:54
2029,1,1,2,2,2028-07-09,2028,28,U519LGW ,2013-01-07 11:56:54
2029,1,1,3,3,2028-07-16,2028,29,U519LGW ,2013-01-07 11:56:54
2029,1,1,4,4,2028-07-23,2028,30,U519LGW ,2013-01-07 11:56:54
2029,1,1,5,5,2028-07-30,2028,31,U519LGW ,2013-01-07 11:56:54
2029,1,2,6,1,2028-08-06,2028,32,U519LGW ,2013-01-07 11:56:54
2029,1,2,7,2,2028-08-13,2028,33,U519LGW ,2013-01-07 11:56:54
2029,1,2,8,3,2028-08-20,2028,34,U519LGW ,2013-01-07 11:56:54
2029,1,2,9,4,2028-08-27,2028,35,U519LGW ,2013-01-07 11:56:54
2029,1,3,10,1,2028-09-03,2028,36,U519LGW ,2013-01-07 11:56:54
2029,1,3,11,2,2028-09-10,2028,37,U519LGW ,2013-01-07 11:56:54
2029,1,3,12,3,2028-09-17,2028,38,U519LGW ,2013-01-07 11:56:54
2029,1,3,13,4,2028-09-24,2028,39,U519LGW ,2013-01-07 11:56:54
2029,2,4,14,1,2028-10-01,2028,40,U519LGW ,2013-01-07 11:56:54
2029,2,4,15,2,2028-10-08,2028,41,U519LGW ,2013-01-07 11:56:54
2029,2,4,16,3,2028-10-15,2028,42,U519LGW ,2013-01-07 11:56:54
2029,2,4,17,4,2028-10-22,2028,43,U519LGW ,2013-01-07 11:56:54
2029,2,4,18,5,2028-10-29,2028,44,U519LGW ,2013-01-07 11:56:54
2029,2,5,19,1,2028-11-05,2028,45,U519LGW ,2013-01-07 11:56:54
2029,2,5,20,2,2028-11-12,2028,46,U519LGW ,2013-01-07 11:56:54
2029,2,5,21,3,2028-11-19,2028,47,U519LGW ,2013-01-07 11:56:54
2029,2,5,22,4,2028-11-26,2028,48,U519LGW ,2013-01-07 11:56:54
2029,2,6,23,1,2028-12-03,2028,49,U519LGW ,2013-01-07 11:56:54
2029,2,6,24,2,2028-12-10,2028,50,U519LGW ,2013-01-07 11:56:54
2029,2,6,25,3,2028-12-17,2028,51,U519LGW ,2013-01-07 11:56:54
2029,2,6,26,4,2028-12-24,2028,52,U519LGW ,2013-01-07 11:56:54
2029,2,6,27,5,2028-12-31,2028,53,U519LGW ,2013-01-07 11:56:54
2029,3,7,28,1,2029-01-07,2029,1,U519LGW ,2013-01-07 11:56:54
2029,3,7,29,2,2029-01-14,2029,2,U519LGW ,2013-01-07 11:56:54
2029,3,7,30,3,2029-01-21,2029,3,U519LGW ,2013-01-07 11:56:54
2029,3,7,31,4,2029-01-28,2029,4,U519LGW ,2013-01-07 11:56:54
2029,3,8,32,1,2029-02-04,2029,5,U519LGW ,2013-01-07 11:56:54
2029,3,8,33,2,2029-02-11,2029,6,U519LGW ,2013-01-07 11:56:54
2029,3,8,34,3,2029-02-18,2029,7,U519LGW ,2013-01-07 11:56:54
2029,3,8,35,4,2029-02-25,2029,8,U519LGW ,2013-01-07 11:56:54
2029,3,9,36,1,2029-03-04,2029,9,U519LGW ,2013-01-07 11:56:54
2029,3,9,37,2,2029-03-11,2029,10,U519LGW ,2013-01-07 11:56:54
2029,3,9,38,3,2029-03-18,2029,11,U519LGW ,2013-01-07 11:56:54
2029,3,9,39,4,2029-03-25,2029,12,U519LGW ,2013-01-07 11:56:54
2029,4,10,40,1,2029-04-01,2029,13,U519LGW ,2013-01-07 11:56:54
2029,4,10,41,2,2029-04-08,2029,14,U519LGW ,2013-01-07 11:56:54
2029,4,10,42,3,2029-04-15,2029,15,U519LGW ,2013-01-07 11:56:54
2029,4,10,43,4,2029-04-22,2029,16,U519LGW ,2013-01-07 11:56:54
2029,4,10,44,5,2029-04-29,2029,17,U519LGW ,2013-01-07 11:56:54
2029,4,11,45,1,2029-05-06,2029,18,U519LGW ,2013-01-07 11:56:54
2029,4,11,46,2,2029-05-13,2029,19,U519LGW ,2013-01-07 11:56:54
2029,4,11,47,3,2029-05-20,2029,20,U519LGW ,2013-01-07 11:56:54
2029,4,11,48,4,2029-05-27,2029,21,U519LGW ,2013-01-07 11:56:54
2029,4,12,49,1,2029-06-03,2029,22,U519LGW ,2013-01-07 11:56:54
2029,4,12,50,2,2029-06-10,2029,23,U519LGW ,2013-01-07 11:56:54
2029,4,12,51,3,2029-06-17,2029,24,U519LGW ,2013-01-07 11:56:54
2029,4,12,52,4,2029-06-24,2029,25,U519LGW ,2013-01-07 11:56:54
2030,1,1,1,1,2029-07-01,2029,26,U519LGW ,2017-06-23 13:51:27
2030,1,1,2,2,2029-07-08,2029,27,U519LGW ,2017-06-23 13:51:27
2030,1,1,3,3,2029-07-15,2029,28,U519LGW ,2017-06-23 13:51:27
2030,1,1,4,4,2029-07-22,2029,29,U519LGW ,2017-06-23 13:51:27
2030,1,1,5,5,2029-07-29,2029,30,U519LGW ,2017-06-23 13:51:27
2030,1,2,6,1,2029-08-05,2029,31,U519LGW ,2017-06-23 13:51:27
2030,1,2,7,2,2029-08-12,2029,32,U519LGW ,2017-06-23 13:51:27
2030,1,2,8,3,2029-08-19,2029,33,U519LGW ,2017-06-23 13:51:27
2030,1,2,9,4,2029-08-26,2029,34,U519LGW ,2017-06-23 13:51:27
2030,1,3,10,1,2029-09-02,2029,35,U519LGW ,2017-06-23 13:51:27
2030,1,3,11,2,2029-09-09,2029,36,U519LGW ,2017-06-23 13:51:27
2030,1,3,12,3,2029-09-16,2029,37,U519LGW ,2017-06-23 13:51:27
2030,1,3,13,4,2029-09-23,2029,38,U519LGW ,2017-06-23 13:51:27
2030,2,4,14,1,2029-09-30,2029,39,U519LGW ,2017-06-23 13:51:27
2030,2,4,15,2,2029-10-07,2029,40,U519LGW ,2017-06-23 13:51:27
2030,2,4,16,3,2029-10-14,2029,41,U519LGW ,2017-06-23 13:51:27
2030,2,4,17,4,2029-10-21,2029,42,U519LGW ,2017-06-23 13:51:27
2030,2,4,18,5,2029-10-28,2029,43,U519LGW ,2017-06-23 13:51:27
2030,2,5,19,1,2029-11-04,2029,44,U519LGW ,2017-06-23 13:51:27
2030,2,5,20,2,2029-11-11,2029,45,U519LGW ,2017-06-23 13:51:27
2030,2,5,21,3,2029-11-18,2029,46,U519LGW ,2017-06-23 13:51:27
2030,2,5,22,4,2029-11-25,2029,47,U519LGW ,2017-06-23 13:51:27
2030,2,6,23,1,2029-12-02,2029,48,U519LGW ,2017-06-23 13:51:27
2030,2,6,24,2,2029-12-09,2029,49,U519LGW ,2017-06-23 13:51:27
2030,2,6,25,3,2029-12-16,2029,50,U519LGW ,2017-06-23 13:51:27
2030,2,6,26,4,2029-12-23,2029,51,U519LGW ,2017-06-23 13:51:27
2030,2,6,27,5,2029-12-30,2029,52,U519LGW ,2017-06-23 13:51:27
2030,3,7,28,1,2030-01-06,2030,1,U519LGW ,2017-06-23 13:51:27
2030,3,7,29,2,2030-01-13,2030,2,U519LGW ,2017-06-23 13:51:27
2030,3,7,30,3,2030-01-20,2030,3,U519LGW ,2017-06-23 13:51:27
2030,3,7,31,4,2030-01-27,2030,4,U519LGW ,2017-06-23 13:51:27
2030,3,8,32,1,2030-02-03,2030,5,U519LGW ,2017-06-23 13:51:27
2030,3,8,33,2,2030-02-10,2030,6,U519LGW ,2017-06-23 13:51:27
2030,3,8,34,3,2030-02-17,2030,7,U519LGW ,2017-06-23 13:51:27
2030,3,8,35,4,2030-02-24,2030,8,U519LGW ,2017-06-23 13:51:27
2030,3,9,36,1,2030-03-03,2030,9,U519LGW ,2017-06-23 13:51:27
2030,3,9,37,2,2030-03-10,2030,10,U519LGW ,2017-06-23 13:51:27
2030,3,9,38,3,2030-03-17,2030,11,U519LGW ,2017-06-23 13:51:27
2030,3,9,39,4,2030-03-24,2030,12,U519LGW ,2017-06-23 13:51:27
2030,4,10,40,1,2030-03-31,2030,13,U519LGW ,2017-06-23 13:51:27
2030,4,10,41,2,2030-04-07,2030,14,U519LGW ,2017-06-23 13:51:27
2030,4,10,42,3,2030-04-14,2030,15,U519LGW ,2017-06-23 13:51:27
2030,4,10,43,4,2030-04-21,2030,16,U519LGW ,2017-06-23 13:51:27
2030,4,10,44,5,2030-04-28,2030,17,U519LGW ,2017-06-23 13:51:27
2030,4,11,45,1,2030-05-05,2030,18,U519LGW ,2017-06-23 13:51:27
2030,4,11,46,2,2030-05-12,2030,19,U519LGW ,2017-06-23 13:51:27
2030,4,11,47,3,2030-05-19,2030,20,U519LGW ,2017-06-23 13:51:27
2030,4,11,48,4,2030-05-26,2030,21,U519LGW ,2017-06-23 13:51:27
2030,4,12,49,1,2030-06-02,2030,22,U519LGW ,2017-06-23 13:51:27
2030,4,12,50,2,2030-06-09,2030,23,U519LGW ,2017-06-23 13:51:27
2030,4,12,51,3,2030-06-16,2030,24,U519LGW ,2017-06-23 13:51:27
2030,4,12,52,4,2030-06-23,2030,25,U519LGW ,2017-06-23 13:51:27
2030,4,12,53,5,2030-06-30,2030,26,U519LGW ,2017-06-23 13:51:27
2031,1,1,1,1,2030-07-07,2030,27,U519LGW ,2017-06-23 13:51:39
2031,1,1,2,2,2030-07-14,2030,28,U519LGW ,2017-06-23 13:51:39
2031,1,1,3,3,2030-07-21,2030,29,U519LGW ,2017-06-23 13:51:39
2031,1,1,4,4,2030-07-28,2030,30,U519LGW ,2017-06-23 13:51:39
2031,1,1,5,5,2030-08-04,2030,31,U519LGW ,2017-06-23 13:51:39
2031,1,2,6,1,2030-08-11,2030,32,U519LGW ,2017-06-23 13:51:39
2031,1,2,7,2,2030-08-18,2030,33,U519LGW ,2017-06-23 13:51:39
2031,1,2,8,3,2030-08-25,2030,34,U519LGW ,2017-06-23 13:51:39
2031,1,2,9,4,2030-09-01,2030,35,U519LGW ,2017-06-23 13:51:39
2031,1,3,10,1,2030-09-08,2030,36,U519LGW ,2017-06-23 13:51:39
2031,1,3,11,2,2030-09-15,2030,37,U519LGW ,2017-06-23 13:51:39
2031,1,3,12,3,2030-09-22,2030,38,U519LGW ,2017-06-23 13:51:39
2031,1,3,13,4,2030-09-29,2030,39,U519LGW ,2017-06-23 13:51:39
2031,2,4,14,1,2030-10-06,2030,40,U519LGW ,2017-06-23 13:51:39
2031,2,4,15,2,2030-10-13,2030,41,U519LGW ,2017-06-23 13:51:39
2031,2,4,16,3,2030-10-20,2030,42,U519LGW ,2017-06-23 13:51:39
2031,2,4,17,4,2030-10-27,2030,43,U519LGW ,2017-06-23 13:51:39
2031,2,4,18,5,2030-11-03,2030,44,U519LGW ,2017-06-23 13:51:39
2031,2,5,19,1,2030-11-10,2030,45,U519LGW ,2017-06-23 13:51:39
2031,2,5,20,2,2030-11-17,2030,46,U519LGW ,2017-06-23 13:51:39
2031,2,5,21,3,2030-11-24,2030,47,U519LGW ,2017-06-23 13:51:39
2031,2,5,22,4,2030-12-01,2030,48,U519LGW ,2017-06-23 13:51:39
2031,2,6,23,1,2030-12-08,2030,49,U519LGW ,2017-06-23 13:51:39
2031,2,6,24,2,2030-12-15,2030,50,U519LGW ,2017-06-23 13:51:39
2031,2,6,25,3,2030-12-22,2030,51,U519LGW ,2017-06-23 13:51:39
2031,2,6,26,4,2030-12-29,2030,52,U519LGW ,2017-06-23 13:51:39
2031,2,6,27,5,2031-01-05,2031,1,U519LGW ,2017-06-23 13:51:39
2031,3,7,28,1,2031-01-12,2031,2,U519LGW ,2017-06-23 13:51:39
2031,3,7,29,2,2031-01-19,2031,3,U519LGW ,2017-06-23 13:51:39
2031,3,7,30,3,2031-01-26,2031,4,U519LGW ,2017-06-23 13:51:39
2031,3,7,31,4,2031-02-02,2031,5,U519LGW ,2017-06-23 13:51:39
2031,3,8,32,1,2031-02-09,2031,6,U519LGW ,2017-06-23 13:51:39
2031,3,8,33,2,2031-02-16,2031,7,U519LGW ,2017-06-23 13:51:39
2031,3,8,34,3,2031-02-23,2031,8,U519LGW ,2017-06-23 13:51:39
2031,3,8,35,4,2031-03-02,2031,9,U519LGW ,2017-06-23 13:51:39
2031,3,9,36,1,2031-03-09,2031,10,U519LGW ,2017-06-23 13:51:39
2031,3,9,37,2,2031-03-16,2031,11,U519LGW ,2017-06-23 13:51:39
2031,3,9,38,3,2031-03-23,2031,12,U519LGW ,2017-06-23 13:51:39
2031,3,9,39,4,2031-03-30,2031,13,U519LGW ,2017-06-23 13:51:39
2031,4,10,40,1,2031-04-06,2031,14,U519LGW ,2017-06-23 13:51:39
2031,4,10,41,2,2031-04-13,2031,15,U519LGW ,2017-06-23 13:51:39
2031,4,10,42,3,2031-04-20,2031,16,U519LGW ,2017-06-23 13:51:39
2031,4,10,43,4,2031-04-27,2031,17,U519LGW ,2017-06-23 13:51:39
2031,4,10,44,5,2031-05-04,2031,18,U519LGW ,2017-06-23 13:51:39
2031,4,11,45,1,2031-05-11,2031,19,U519LGW ,2017-06-23 13:51:39
2031,4,11,46,2,2031-05-18,2031,20,U519LGW ,2017-06-23 13:51:39
2031,4,11,47,3,2031-05-25,2031,21,U519LGW ,2017-06-23 13:51:39
2031,4,11,48,4,2031-06-01,2031,22,U519LGW ,2017-06-23 13:51:39
2031,4,12,49,1,2031-06-08,2031,23,U519LGW ,2017-06-23 13:51:39
2031,4,12,50,2,2031-06-15,2031,24,U519LGW ,2017-06-23 13:51:39
2031,4,12,51,3,2031-06-22,2031,25,U519LGW ,2017-06-23 13:51:39
2031,4,12,52,4,2031-06-29,2031,26,U519LGW ,2017-06-23 13:51:39
2032,1,1,1,1,2031-07-06,2031,27,U519LGW ,2017-06-23 13:51:50
2032,1,1,2,2,2031-07-13,2031,28,U519LGW ,2017-06-23 13:51:50
2032,1,1,3,3,2031-07-20,2031,29,U519LGW ,2017-06-23 13:51:50
2032,1,1,4,4,2031-07-27,2031,30,U519LGW ,2017-06-23 13:51:50
2032,1,1,5,5,2031-08-03,2031,31,U519LGW ,2017-06-23 13:51:50
2032,1,2,6,1,2031-08-10,2031,32,U519LGW ,2017-06-23 13:51:50
2032,1,2,7,2,2031-08-17,2031,33,U519LGW ,2017-06-23 13:51:50
2032,1,2,8,3,2031-08-24,2031,34,U519LGW ,2017-06-23 13:51:50
2032,1,2,9,4,2031-08-31,2031,35,U519LGW ,2017-06-23 13:51:50
2032,1,3,10,1,2031-09-07,2031,36,U519LGW ,2017-06-23 13:51:50
2032,1,3,11,2,2031-09-14,2031,37,U519LGW ,2017-06-23 13:51:50
2032,1,3,12,3,2031-09-21,2031,38,U519LGW ,2017-06-23 13:51:50
2032,1,3,13,4,2031-09-28,2031,39,U519LGW ,2017-06-23 13:51:50
2032,2,4,14,1,2031-10-05,2031,40,U519LGW ,2017-06-23 13:51:50
2032,2,4,15,2,2031-10-12,2031,41,U519LGW ,2017-06-23 13:51:50
2032,2,4,16,3,2031-10-19,2031,42,U519LGW ,2017-06-23 13:51:50
2032,2,4,17,4,2031-10-26,2031,43,U519LGW ,2017-06-23 13:51:50
2032,2,4,18,5,2031-11-02,2031,44,U519LGW ,2017-06-23 13:51:50
2032,2,5,19,1,2031-11-09,2031,45,U519LGW ,2017-06-23 13:51:50
2032,2,5,20,2,2031-11-16,2031,46,U519LGW ,2017-06-23 13:51:50
2032,2,5,21,3,2031-11-23,2031,47,U519LGW ,2017-06-23 13:51:50
2032,2,5,22,4,2031-11-30,2031,48,U519LGW ,2017-06-23 13:51:50
2032,2,6,23,1,2031-12-07,2031,49,U519LGW ,2017-06-23 13:51:50
2032,2,6,24,2,2031-12-14,2031,50,U519LGW ,2017-06-23 13:51:50
2032,2,6,25,3,2031-12-21,2031,51,U519LGW ,2017-06-23 13:51:50
2032,2,6,26,4,2031-12-28,2031,52,U519LGW ,2017-06-23 13:51:50
2032,2,6,27,5,2032-01-04,2032,1,U519LGW ,2017-06-23 13:51:50
2032,3,7,28,1,2032-01-11,2032,2,U519LGW ,2017-06-23 13:51:50
2032,3,7,29,2,2032-01-18,2032,3,U519LGW ,2017-06-23 13:51:50
2032,3,7,30,3,2032-01-25,2032,4,U519LGW ,2017-06-23 13:51:50
2032,3,7,31,4,2032-02-01,2032,5,U519LGW ,2017-06-23 13:51:50
2032,3,8,32,1,2032-02-08,2032,6,U519LGW ,2017-06-23 13:51:50
2032,3,8,33,2,2032-02-15,2032,7,U519LGW ,2017-06-23 13:51:50
2032,3,8,34,3,2032-02-22,2032,8,U519LGW ,2017-06-23 13:51:50
2032,3,8,35,4,2032-02-29,2032,9,U519LGW ,2017-06-23 13:51:50
2032,3,9,36,1,2032-03-07,2032,10,U519LGW ,2017-06-23 13:51:50
2032,3,9,37,2,2032-03-14,2032,11,U519LGW ,2017-06-23 13:51:50
2032,3,9,38,3,2032-03-21,2032,12,U519LGW ,2017-06-23 13:51:50
2032,3,9,39,4,2032-03-28,2032,13,U519LGW ,2017-06-23 13:51:50
2032,4,10,40,1,2032-04-04,2032,14,U519LGW ,2017-06-23 13:51:50
2032,4,10,41,2,2032-04-11,2032,15,U519LGW ,2017-06-23 13:51:50
2032,4,10,42,3,2032-04-18,2032,16,U519LGW ,2017-06-23 13:51:50
2032,4,10,43,4,2032-04-25,2032,17,U519LGW ,2017-06-23 13:51:50
2032,4,10,44,5,2032-05-02,2032,18,U519LGW ,2017-06-23 13:51:50
2032,4,11,45,1,2032-05-09,2032,19,U519LGW ,2017-06-23 13:51:50
2032,4,11,46,2,2032-05-16,2032,20,U519LGW ,2017-06-23 13:51:50
2032,4,11,47,3,2032-05-23,2032,21,U519LGW ,2017-06-23 13:51:50
2032,4,11,48,4,2032-05-30,2032,22,U519LGW ,2017-06-23 13:51:50
2032,4,12,49,1,2032-06-06,2032,23,U519LGW ,2017-06-23 13:51:50
2032,4,12,50,2,2032-06-13,2032,24,U519LGW ,2017-06-23 13:51:50
2032,4,12,51,3,2032-06-20,2032,25,U519LGW ,2017-06-23 13:51:50
2032,4,12,52,4,2032-06-27,2032,26,U519LGW ,2017-06-23 13:51:50
2033,1,1,1,1,2032-07-04,2032,27,U519LGW ,2017-06-23 13:52:00
2033,1,1,2,2,2032-07-11,2032,28,U519LGW ,2017-06-23 13:52:00
2033,1,1,3,3,2032-07-18,2032,29,U519LGW ,2017-06-23 13:52:00
2033,1,1,4,4,2032-07-25,2032,30,U519LGW ,2017-06-23 13:52:00
2033,1,1,5,5,2032-08-01,2032,31,U519LGW ,2017-06-23 13:52:00
2033,1,2,6,1,2032-08-08,2032,32,U519LGW ,2017-06-23 13:52:00
2033,1,2,7,2,2032-08-15,2032,33,U519LGW ,2017-06-23 13:52:00
2033,1,2,8,3,2032-08-22,2032,34,U519LGW ,2017-06-23 13:52:00
2033,1,2,9,4,2032-08-29,2032,35,U519LGW ,2017-06-23 13:52:00
2033,1,3,10,1,2032-09-05,2032,36,U519LGW ,2017-06-23 13:52:00
2033,1,3,11,2,2032-09-12,2032,37,U519LGW ,2017-06-23 13:52:00
2033,1,3,12,3,2032-09-19,2032,38,U519LGW ,2017-06-23 13:52:00
2033,1,3,13,4,2032-09-26,2032,39,U519LGW ,2017-06-23 13:52:00
2033,2,4,14,1,2032-10-03,2032,40,U519LGW ,2017-06-23 13:52:00
2033,2,4,15,2,2032-10-10,2032,41,U519LGW ,2017-06-23 13:52:00
2033,2,4,16,3,2032-10-17,2032,42,U519LGW ,2017-06-23 13:52:00
2033,2,4,17,4,2032-10-24,2032,43,U519LGW ,2017-06-23 13:52:00
2033,2,4,18,5,2032-10-31,2032,44,U519LGW ,2017-06-23 13:52:00
2033,2,5,19,1,2032-11-07,2032,45,U519LGW ,2017-06-23 13:52:00
2033,2,5,20,2,2032-11-14,2032,46,U519LGW ,2017-06-23 13:52:00
2033,2,5,21,3,2032-11-21,2032,47,U519LGW ,2017-06-23 13:52:00
2033,2,5,22,4,2032-11-28,2032,48,U519LGW ,2017-06-23 13:52:00
2033,2,6,23,1,2032-12-05,2032,49,U519LGW ,2017-06-23 13:52:00
2033,2,6,24,2,2032-12-12,2032,50,U519LGW ,2017-06-23 13:52:00
2033,2,6,25,3,2032-12-19,2032,51,U519LGW ,2017-06-23 13:52:00
2033,2,6,26,4,2032-12-26,2032,52,U519LGW ,2017-06-23 13:52:00
2033,2,6,27,5,2033-01-02,2033,1,U519LGW ,2017-06-23 13:52:00
2033,3,7,28,1,2033-01-09,2033,2,U519LGW ,2017-06-23 13:52:00
2033,3,7,29,2,2033-01-16,2033,3,U519LGW ,2017-06-23 13:52:00
2033,3,7,30,3,2033-01-23,2033,4,U519LGW ,2017-06-23 13:52:00
2033,3,7,31,4,2033-01-30,2033,5,U519LGW ,2017-06-23 13:52:00
2033,3,8,32,1,2033-02-06,2033,6,U519LGW ,2017-06-23 13:52:00
2033,3,8,33,2,2033-02-13,2033,7,U519LGW ,2017-06-23 13:52:00
2033,3,8,34,3,2033-02-20,2033,8,U519LGW ,2017-06-23 13:52:00
2033,3,8,35,4,2033-02-27,2033,9,U519LGW ,2017-06-23 13:52:00
2033,3,9,36,1,2033-03-06,2033,10,U519LGW ,2017-06-23 13:52:00
2033,3,9,37,2,2033-03-13,2033,11,U519LGW ,2017-06-23 13:52:00
2033,3,9,38,3,2033-03-20,2033,12,U519LGW ,2017-06-23 13:52:00
2033,3,9,39,4,2033-03-27,2033,13,U519LGW ,2017-06-23 13:52:00
2033,4,10,40,1,2033-04-03,2033,14,U519LGW ,2017-06-23 13:52:00
2033,4,10,41,2,2033-04-10,2033,15,U519LGW ,2017-06-23 13:52:00
2033,4,10,42,3,2033-04-17,2033,16,U519LGW ,2017-06-23 13:52:00
2033,4,10,43,4,2033-04-24,2033,17,U519LGW ,2017-06-23 13:52:00
2033,4,10,44,5,2033-05-01,2033,18,U519LGW ,2017-06-23 13:52:01
2033,4,11,45,1,2033-05-08,2033,19,U519LGW ,2017-06-23 13:52:01
2033,4,11,46,2,2033-05-15,2033,20,U519LGW ,2017-06-23 13:52:01
2033,4,11,47,3,2033-05-22,2033,21,U519LGW ,2017-06-23 13:52:01
2033,4,11,48,4,2033-05-29,2033,22,U519LGW ,2017-06-23 13:52:01
2033,4,12,49,1,2033-06-05,2033,23,U519LGW ,2017-06-23 13:52:01
2033,4,12,50,2,2033-06-12,2033,24,U519LGW ,2017-06-23 13:52:01
2033,4,12,51,3,2033-06-19,2033,25,U519LGW ,2017-06-23 13:52:01
2033,4,12,52,4,2033-06-26,2033,26,U519LGW ,2017-06-23 13:52:01
2034,1,1,1,1,2033-07-03,2033,27,U519LGW ,2017-06-27 14:26:59
2034,1,1,2,2,2033-07-10,2033,28,U519LGW ,2017-06-27 14:27:00
2034,1,1,3,3,2033-07-17,2033,29,U519LGW ,2017-06-27 14:27:00
2034,1,1,4,4,2033-07-24,2033,30,U519LGW ,2017-06-27 14:27:00
2034,1,1,5,5,2033-07-31,2033,31,U519LGW ,2017-06-27 14:27:00
2034,1,2,6,1,2033-08-07,2033,32,U519LGW ,2017-06-27 14:27:00
2034,1,2,7,2,2033-08-14,2033,33,U519LGW ,2017-06-27 14:27:00
2034,1,2,8,3,2033-08-21,2033,34,U519LGW ,2017-06-27 14:27:00
2034,1,2,9,4,2033-08-28,2033,35,U519LGW ,2017-06-27 14:27:00
2034,1,3,10,1,2033-09-04,2033,36,U519LGW ,2017-06-27 14:27:00
2034,1,3,11,2,2033-09-11,2033,37,U519LGW ,2017-06-27 14:27:00
2034,1,3,12,3,2033-09-18,2033,38,U519LGW ,2017-06-27 14:27:00
2034,1,3,13,4,2033-09-25,2033,39,U519LGW ,2017-06-27 14:27:00
2034,2,4,14,1,2033-10-02,2033,40,U519LGW ,2017-06-27 14:27:00
2034,2,4,15,2,2033-10-09,2033,41,U519LGW ,2017-06-27 14:27:00
2034,2,4,16,3,2033-10-16,2033,42,U519LGW ,2017-06-27 14:27:00
2034,2,4,17,4,2033-10-23,2033,43,U519LGW ,2017-06-27 14:27:00
2034,2,4,18,5,2033-10-30,2033,44,U519LGW ,2017-06-27 14:27:00
2034,2,5,19,1,2033-11-06,2033,45,U519LGW ,2017-06-27 14:27:00
2034,2,5,20,2,2033-11-13,2033,46,U519LGW ,2017-06-27 14:27:00
2034,2,5,21,3,2033-11-20,2033,47,U519LGW ,2017-06-27 14:27:00
2034,2,5,22,4,2033-11-27,2033,48,U519LGW ,2017-06-27 14:27:00
2034,2,6,23,1,2033-12-04,2033,49,U519LGW ,2017-06-27 14:27:00
2034,2,6,24,2,2033-12-11,2033,50,U519LGW ,2017-06-27 14:27:00
2034,2,6,25,3,2033-12-18,2033,51,U519LGW ,2017-06-27 14:27:00
2034,2,6,26,4,2033-12-25,2033,52,U519LGW ,2017-06-27 14:27:00
2034,2,6,27,5,2034-01-01,2034,1,U519LGW ,2017-06-27 14:27:00
2034,3,7,28,1,2034-01-08,2034,2,U519LGW ,2017-06-27 14:27:00
2034,3,7,29,2,2034-01-15,2034,3,U519LGW ,2017-06-27 14:27:00
2034,3,7,30,3,2034-01-22,2034,4,U519LGW ,2017-06-27 14:27:00
2034,3,7,31,4,2034-01-29,2034,5,U519LGW ,2017-06-27 14:27:00
2034,3,8,32,1,2034-02-05,2034,6,U519LGW ,2017-06-27 14:27:00
2034,3,8,33,2,2034-02-12,2034,7,U519LGW ,2017-06-27 14:27:00
2034,3,8,34,3,2034-02-19,2034,8,U519LGW ,2017-06-27 14:27:00
2034,3,8,35,4,2034-02-26,2034,9,U519LGW ,2017-06-27 14:27:00
2034,3,9,36,1,2034-03-05,2034,10,U519LGW ,2017-06-27 14:27:00
2034,3,9,37,2,2034-03-12,2034,11,U519LGW ,2017-06-27 14:27:00
2034,3,9,38,3,2034-03-19,2034,12,U519LGW ,2017-06-27 14:27:00
2034,3,9,39,4,2034-03-26,2034,13,U519LGW ,2017-06-27 14:27:00
2034,4,10,40,1,2034-04-02,2034,14,U519LGW ,2017-06-27 14:27:00
2034,4,10,41,2,2034-04-09,2034,15,U519LGW ,2017-06-27 14:27:00
2034,4,10,42,3,2034-04-16,2034,16,U519LGW ,2017-06-27 14:27:00
2034,4,10,43,4,2034-04-23,2034,17,U519LGW ,2017-06-27 14:27:00
2034,4,10,44,5,2034-04-30,2034,18,U519LGW ,2017-06-27 14:27:00
2034,4,11,45,1,2034-05-07,2034,19,U519LGW ,2017-06-27 14:27:00
2034,4,11,46,2,2034-05-14,2034,20,U519LGW ,2017-06-27 14:27:00
2034,4,11,47,3,2034-05-21,2034,21,U519LGW ,2017-06-27 14:27:00
2034,4,11,48,4,2034-05-28,2034,22,U519LGW ,2017-06-27 14:27:00
2034,4,12,49,1,2034-06-04,2034,23,U519LGW ,2017-06-27 14:27:00
2034,4,12,50,2,2034-06-11,2034,24,U519LGW ,2017-06-27 14:27:00
2034,4,12,51,3,2034-06-18,2034,25,U519LGW ,2017-06-27 14:27:00
2034,4,12,52,4,2034-06-25,2034,26,U519LGW ,2017-06-27 14:27:00
